research_no,id,hotel_name,prefecture,area,station,venueId,venueNumber,venue_name,rank,genre
1,stage-001-1,東横INN品川港南口天王洲アイル,東京都,天王洲アイル,天王洲アイル,stage-001,1,天王洲 銀河劇場,1,stage
2,stage-001-2,ANAホリデイ・イン東京ベイ,東京都,天王洲アイル,天王洲アイル,stage-001,1,天王洲 銀河劇場,2,stage
3,stage-001-3,スーパーホテル品川・新馬場,東京都,天王洲アイル,新馬場,stage-001,1,天王洲 銀河劇場,3,stage
4,stage-002-1,アワーズイン阪急,東京都,大井競馬場前・立会川,大井町,stage-002,2,シアターH,1,stage
5,stage-002-2,ヴィアイン品川大井町,東京都,大井競馬場前・立会川,大井町,stage-002,2,シアターH,2,stage
6,stage-002-3,ホテルマイステイズプレミア大森,東京都,大井競馬場前・立会川,大森,stage-002,2,シアターH,3,stage
7,stage-003-1,日本青年館ホテル,東京都,外苑前・国立競技場,外苑前・国立競技場,stage-003,3,日本青年館ホール,1,stage
8,stage-003-2,東急ステイ青山プレミア,東京都,外苑前・国立競技場,外苑前,stage-003,3,日本青年館ホール,2,stage
9,stage-003-3,ホテルウィングインターナショナルプレミアム東京四谷,東京都,外苑前・国立競技場,四谷三丁目,stage-003,3,日本青年館ホール,3,stage
10,stage-004-1,ホテルグランドシティ,東京都,池袋東口,池袋東口,stage-004,4,東京建物 Brillia HALL(豊島区立芸術文化劇場),1,stage
11,stage-004-2,ホテルリソル池袋,東京都,池袋東口,東池袋・池袋,stage-004,4,東京建物 Brillia HALL(豊島区立芸術文化劇場),2,stage
12,stage-004-3,京王プレッソイン池袋,東京都,池袋東口,東池袋・池袋,stage-004,4,東京建物 Brillia HALL(豊島区立芸術文化劇場),3,stage
13,stage-005-1,ホテルグランドシティ,東京都,東池袋・池袋,池袋東口,stage-005,5,サンシャイン劇場,1,stage
14,stage-005-2,ホテルリソル池袋,東京都,東池袋・池袋,東池袋・池袋,stage-005,5,サンシャイン劇場,2,stage
15,stage-005-3,京王プレッソイン池袋,東京都,東池袋・池袋,東池袋・池袋,stage-005,5,サンシャイン劇場,3,stage
16,stage-006-1,リッチモンドホテル東京水道橋,東京都,水道橋・後楽園,水道橋・後楽園,stage-006,6,Kanadevia Hall,1,stage
17,stage-006-2,ホテルウィングインターナショナル後楽園,東京都,水道橋・後楽園,水道橋・後楽園,stage-006,6,Kanadevia Hall,2,stage
18,stage-006-3,the b 水道橋,東京都,水道橋・後楽園,水道橋・春日,stage-006,6,Kanadevia Hall,3,stage
19,stage-007-1,リッチモンドホテル東京水道橋,東京都,水道橋・後楽園,水道橋・後楽園,stage-007,7,IMM THEATER,1,stage
20,stage-007-2,ホテルウィングインターナショナル後楽園,東京都,水道橋・後楽園,水道橋・後楽園,stage-007,7,IMM THEATER,2,stage
21,stage-007-3,the b 水道橋,東京都,水道橋・後楽園,水道橋・春日,stage-007,7,IMM THEATER,3,stage
22,stage-008-1,ホテルサンライト新宿,東京都,新宿・西武新宿,新宿三丁目,stage-008,8,THEATER MILANO-Za,1,stage
23,stage-008-2,新宿アーバンホテル,東京都,新宿・西武新宿,新宿三丁目・東新宿,stage-008,8,THEATER MILANO-Za,2,stage
24,stage-008-3,ホテルアマネク新宿歌舞伎町,東京都,新宿・西武新宿,新宿・西武新宿,stage-008,8,THEATER MILANO-Za,3,stage
25,stage-009-1,ホテル ヴィラフォンテーヌ グランド 東京有明,東京都,有明・国際展示場,有明・国際展示場,stage-009,9,東京ガーデンシアター,1,stage
26,stage-009-2,相鉄グランドフレッサ 東京ベイ有明,東京都,有明・国際展示場,国際展示場・東京ビッグサイト,stage-009,9,東京ガーデンシアター,2,stage
27,stage-009-3,ファーイーストビレッジホテル東京有明,東京都,有明・国際展示場,有明テニスの森,stage-009,9,東京ガーデンシアター,3,stage
28,stage-010-1,レム日比谷,東京都,日比谷・有楽町,有楽町・日比谷,stage-010,10,日生劇場,1,stage
29,stage-010-2,銀座ベルビューホテル,東京都,日比谷・有楽町,有楽町・銀座,stage-010,10,日生劇場,2,stage
30,stage-010-3,ダイワロイネットホテル新橋,東京都,日比谷・有楽町,新橋,stage-010,10,日生劇場,3,stage
31,stage-011-1,東横INN日本橋浜町明治座前,東京都,浜町・人形町,浜町,stage-011,11,明治座,1,stage
32,stage-011-2,アパホテル〈人形町駅北〉,東京都,浜町・人形町,人形町,stage-011,11,明治座,2,stage
33,stage-011-3,コンフォートホテル東京東日本橋,東京都,浜町・人形町,馬喰町・東日本橋,stage-011,11,明治座,3,stage
34,stage-012-1,相鉄フレッサイン 銀座三丁目,東京都,東銀座・新橋,銀座・東銀座,stage-012,12,新橋演舞場,1,stage
35,stage-012-2,ホテルモントレ銀座,東京都,東銀座・新橋,銀座一丁目,stage-012,12,新橋演舞場,2,stage
36,stage-012-3,ダイワロイネットホテル東京京橋 PREMIER,東京都,東銀座・新橋,京橋・東京,stage-012,12,新橋演舞場,3,stage
37,stage-013-1,レム日比谷,東京都,日比谷・有楽町,有楽町・日比谷,stage-013,13,シアタークリエ,1,stage
38,stage-013-2,銀座ベルビューホテル,東京都,日比谷・有楽町,有楽町・銀座,stage-013,13,シアタークリエ,2,stage
39,stage-013-3,ダイワロイネットホテル新橋,東京都,日比谷・有楽町,新橋,stage-013,13,シアタークリエ,3,stage
40,stage-014-1,品川プリンスホテル イーストタワー,東京都,品川,品川,stage-014,14,品川プリンスホテル ステラボール,1,stage
41,stage-014-2,京急EXホテル高輪,東京都,品川,品川・高輪台,stage-014,14,品川プリンスホテル ステラボール,2,stage
42,stage-014-3,アパホテル〈品川 泉岳寺駅前〉,東京都,品川,泉岳寺・高輪ゲートウェイ,stage-014,14,品川プリンスホテル ステラボール,3,stage
43,stage-015-1,品川プリンスホテル イーストタワー,東京都,品川,品川,stage-015,15,Club eX,1,stage
44,stage-015-2,京急EXホテル高輪,東京都,品川,品川・高輪台,stage-015,15,Club eX,2,stage
45,stage-015-3,アパホテル〈品川 泉岳寺駅前〉,東京都,品川,泉岳寺・高輪ゲートウェイ,stage-015,15,Club eX,3,stage
46,stage-016-1,レム六本木,東京都,六本木,六本木,stage-016,16,EX THEATER ROPPONGI,1,stage
47,stage-016-2,相鉄フレッサイン 東京六本木,東京都,六本木,六本木,stage-016,16,EX THEATER ROPPONGI,2,stage
48,stage-016-3,コンフォートイン東京六本木,東京都,六本木,六本木,stage-016,16,EX THEATER ROPPONGI,3,stage
49,stage-017-1,レム日比谷,東京都,有楽町・日比谷,有楽町・日比谷,stage-017,17,ヒューリックホール東京,1,stage
50,stage-017-2,銀座ベルビューホテル,東京都,有楽町・日比谷,有楽町・銀座,stage-017,17,ヒューリックホール東京,2,stage
51,stage-017-3,ダイワロイネットホテル新橋,東京都,有楽町・日比谷,新橋,stage-017,17,ヒューリックホール東京,3,stage
52,stage-018-1,ホテルヴィラフォンテーヌ東京大手町,東京都,大手町,大手町・神田,stage-018,18,よみうり大手町ホール,1,stage
53,stage-018-2,相鉄フレッサイン 神田大手町,東京都,大手町,神田・大手町,stage-018,18,よみうり大手町ホール,2,stage
54,stage-018-3,グランドセントラルホテル,東京都,大手町,神田,stage-018,18,よみうり大手町ホール,3,stage
55,stage-019-1,レム日比谷,東京都,有楽町,有楽町・日比谷,stage-019,19,有楽町よみうりホール,1,stage
56,stage-019-2,銀座ベルビューホテル,東京都,有楽町,有楽町・銀座,stage-019,19,有楽町よみうりホール,2,stage
57,stage-019-3,ダイワロイネットホテル新橋,東京都,有楽町,新橋,stage-019,19,有楽町よみうりホール,3,stage
58,stage-020-1,レム日比谷,東京都,有楽町・銀座,有楽町・日比谷,stage-020,20,有楽町朝日ホール,1,stage
59,stage-020-2,銀座ベルビューホテル,東京都,有楽町・銀座,有楽町・銀座,stage-020,20,有楽町朝日ホール,2,stage
60,stage-020-3,ダイワロイネットホテル新橋,東京都,有楽町・銀座,新橋,stage-020,20,有楽町朝日ホール,3,stage
61,stage-021-1,レム日比谷,東京都,有楽町,有楽町・日比谷,stage-021,21,I’M A SHOW,1,stage
62,stage-021-2,銀座ベルビューホテル,東京都,有楽町,有楽町・銀座,stage-021,21,I’M A SHOW,2,stage
63,stage-021-3,ダイワロイネットホテル新橋,東京都,有楽町,新橋,stage-021,21,I’M A SHOW,3,stage
64,stage-022-1,相鉄フレッサイン 銀座三丁目,東京都,有楽町・東京,銀座・東銀座,stage-022,22,東京国際フォーラム ホールC,1,stage
65,stage-022-2,ホテルモントレ銀座,東京都,有楽町・東京,銀座一丁目,stage-022,22,東京国際フォーラム ホールC,2,stage
66,stage-022-3,ダイワロイネットホテル東京京橋 PREMIER,東京都,有楽町・東京,京橋・東京,stage-022,22,東京国際フォーラム ホールC,3,stage
67,stage-023-1,the b 三軒茶屋,東京都,三軒茶屋,三軒茶屋,stage-023,23,昭和女子大学 人見記念講堂,1,stage
68,stage-023-2,東急ステイ用賀,東京都,三軒茶屋,用賀,stage-023,23,昭和女子大学 人見記念講堂,2,stage
69,stage-023-3,東急ステイ渋谷,東京都,三軒茶屋,神泉・渋谷,stage-023,23,昭和女子大学 人見記念講堂,3,stage
70,stage-024-1,The OneFive Tokyo Shibuya,東京都,渋谷,渋谷・原宿,stage-024,24,PARCO劇場,1,stage
71,stage-024-2,渋谷東武ホテル,東京都,渋谷,渋谷,stage-024,24,PARCO劇場,2,stage
72,stage-024-3,渋谷クレストンホテル,東京都,渋谷,渋谷・神泉,stage-024,24,PARCO劇場,3,stage
73,stage-025-1,The OneFive Tokyo Shibuya,東京都,渋谷,渋谷・原宿,stage-025,25,東急シアターオーブ,1,stage
74,stage-025-2,渋谷東武ホテル,東京都,渋谷,渋谷,stage-025,25,東急シアターオーブ,2,stage
75,stage-025-3,渋谷クレストンホテル,東京都,渋谷,渋谷・神泉,stage-025,25,東急シアターオーブ,3,stage
76,stage-026-1,ART HOTELS SHIBUYA,東京都,初台,初台・幡ヶ谷,stage-026,26,新国立劇場 中劇場,1,stage
77,stage-026-2,THE KNOT TOKYO Shinjuku,東京都,初台,都庁前・西新宿五丁目,stage-026,26,新国立劇場 中劇場,2,stage
78,stage-026-3,アパホテル&リゾート〈西新宿五丁目駅タワー〉,東京都,初台,西新宿五丁目,stage-026,26,新国立劇場 中劇場,3,stage
79,stage-027-1,ART HOTELS SHIBUYA,東京都,初台,初台・幡ヶ谷,stage-027,27,新国立劇場 小劇場,1,stage
80,stage-027-2,THE KNOT TOKYO Shinjuku,東京都,初台,都庁前・西新宿五丁目,stage-027,27,新国立劇場 小劇場,2,stage
81,stage-027-3,アパホテル&リゾート〈西新宿五丁目駅タワー〉,東京都,初台,西新宿五丁目,stage-027,27,新国立劇場 小劇場,3,stage
82,stage-028-1,ホテルサンシティ池袋,東京都,池袋西口,池袋西口,stage-028,28,東京芸術劇場 プレイハウス,1,stage
83,stage-028-2,ホテルアーバン,東京都,池袋西口,池袋西口,stage-028,28,東京芸術劇場 プレイハウス,2,stage
84,stage-028-3,スーパーホテルPremier池袋天然温泉,東京都,池袋西口,池袋西口・北口,stage-028,28,東京芸術劇場 プレイハウス,3,stage
85,stage-029-1,ホテルサンシティ池袋,東京都,池袋西口,池袋西口,stage-029,29,東京芸術劇場 シアターイースト,1,stage
86,stage-029-2,ホテルアーバン,東京都,池袋西口,池袋西口,stage-029,29,東京芸術劇場 シアターイースト,2,stage
87,stage-029-3,スーパーホテルPremier池袋天然温泉,東京都,池袋西口,池袋西口・北口,stage-029,29,東京芸術劇場 シアターイースト,3,stage
88,stage-030-1,ホテルサンシティ池袋,東京都,池袋西口,池袋西口,stage-030,30,東京芸術劇場 シアターウエスト,1,stage
89,stage-030-2,ホテルアーバン,東京都,池袋西口,池袋西口,stage-030,30,東京芸術劇場 シアターウエスト,2,stage
90,stage-030-3,スーパーホテルPremier池袋天然温泉,東京都,池袋西口,池袋西口・北口,stage-030,30,東京芸術劇場 シアターウエスト,3,stage
91,stage-031-1,the b 三軒茶屋,東京都,三軒茶屋,三軒茶屋,stage-031,31,世田谷パブリックシアター,1,stage
92,stage-031-2,東急ステイ用賀,東京都,三軒茶屋,用賀,stage-031,31,世田谷パブリックシアター,2,stage
93,stage-031-3,東急ステイ渋谷,東京都,三軒茶屋,神泉・渋谷,stage-031,31,世田谷パブリックシアター,3,stage
94,stage-032-1,the b 三軒茶屋,東京都,三軒茶屋,三軒茶屋,stage-032,32,シアタートラム,1,stage
95,stage-032-2,東急ステイ用賀,東京都,三軒茶屋,用賀,stage-032,32,シアタートラム,2,stage
96,stage-032-3,東急ステイ渋谷,東京都,三軒茶屋,神泉・渋谷,stage-032,32,シアタートラム,3,stage
97,stage-033-1,ホテルサンライト新宿,東京都,新宿三丁目,新宿三丁目,stage-033,33,紀伊國屋ホール,1,stage
98,stage-033-2,新宿アーバンホテル,東京都,新宿三丁目,新宿三丁目・東新宿,stage-033,33,紀伊國屋ホール,2,stage
99,stage-033-3,ホテルアマネク新宿歌舞伎町,東京都,新宿三丁目,新宿・西武新宿,stage-033,33,紀伊國屋ホール,3,stage
100,stage-034-1,ホテルサンルートプラザ新宿,東京都,新宿南口,新宿南口,stage-034,34,紀伊國屋サザンシアター TAKASHIMAYA,1,stage
101,stage-034-2,JR九州ホテル ブラッサム新宿,東京都,新宿南口,新宿南口,stage-034,34,紀伊國屋サザンシアター TAKASHIMAYA,2,stage
102,stage-034-3,京王プレッソイン新宿,東京都,新宿南口,新宿・都庁前,stage-034,34,紀伊國屋サザンシアター TAKASHIMAYA,3,stage
103,stage-035-1,ホテルサンルートプラザ新宿,東京都,新宿南口,新宿南口,stage-035,35,こくみん共済 coop ホール/スペース・ゼロ,1,stage
104,stage-035-2,JR九州ホテル ブラッサム新宿,東京都,新宿南口,新宿南口,stage-035,35,こくみん共済 coop ホール/スペース・ゼロ,2,stage
105,stage-035-3,京王プレッソイン新宿,東京都,新宿南口,新宿・都庁前,stage-035,35,こくみん共済 coop ホール/スペース・ゼロ,3,stage
106,stage-036-1,ホテルサンライト新宿,東京都,新宿御苑前,新宿三丁目,stage-036,36,シアターサンモール,1,stage
107,stage-036-2,新宿アーバンホテル,東京都,新宿御苑前,新宿三丁目・東新宿,stage-036,36,シアターサンモール,2,stage
108,stage-036-3,ホテルアマネク新宿歌舞伎町,東京都,新宿御苑前,新宿・西武新宿,stage-036,36,シアターサンモール,3,stage
109,stage-037-1,ホテルサンライト新宿,東京都,新宿三丁目,新宿三丁目,stage-037,37,新宿シアタートップス,1,stage
110,stage-037-2,新宿アーバンホテル,東京都,新宿三丁目,新宿三丁目・東新宿,stage-037,37,新宿シアタートップス,2,stage
111,stage-037-3,ホテルアマネク新宿歌舞伎町,東京都,新宿三丁目,新宿・西武新宿,stage-037,37,新宿シアタートップス,3,stage
112,stage-038-1,ホテルサンライト新宿,東京都,新宿・西武新宿,新宿三丁目,stage-038,38,新宿FACE,1,stage
113,stage-038-2,新宿アーバンホテル,東京都,新宿・西武新宿,新宿三丁目・東新宿,stage-038,38,新宿FACE,2,stage
114,stage-038-3,ホテルアマネク新宿歌舞伎町,東京都,新宿・西武新宿,新宿・西武新宿,stage-038,38,新宿FACE,3,stage
115,stage-039-1,ホテルアジア会館,東京都,赤坂,青山一丁目・乃木坂,stage-039,39,赤坂RED/THEATER,1,stage
116,stage-039-2,the b 赤坂,東京都,赤坂,赤坂,stage-039,39,赤坂RED/THEATER,2,stage
117,stage-039-3,ホテルモントレ赤坂,東京都,赤坂,赤坂見附・青山一丁目,stage-039,39,赤坂RED/THEATER,3,stage
118,stage-040-1,ホテルアジア会館,東京都,青山一丁目・赤坂見附,青山一丁目・乃木坂,stage-040,40,草月ホール,1,stage
119,stage-040-2,the b 赤坂,東京都,青山一丁目・赤坂見附,赤坂,stage-040,40,草月ホール,2,stage
120,stage-040-3,ホテルモントレ赤坂,東京都,青山一丁目・赤坂見附,赤坂見附・青山一丁目,stage-040,40,草月ホール,3,stage
121,stage-041-1,相鉄フレッサイン 銀座三丁目,東京都,新橋・銀座,銀座・東銀座,stage-041,41,博品館劇場,1,stage
122,stage-041-2,ホテルモントレ銀座,東京都,新橋・銀座,銀座一丁目,stage-041,41,博品館劇場,2,stage
123,stage-041-3,ダイワロイネットホテル東京京橋 PREMIER,東京都,新橋・銀座,京橋・東京,stage-041,41,博品館劇場,3,stage
124,stage-042-1,The OneFive Tokyo Shibuya,東京都,渋谷,渋谷・原宿,stage-042,42,CBGKシブゲキ!!,1,stage
125,stage-042-2,渋谷東武ホテル,東京都,渋谷,渋谷,stage-042,42,CBGKシブゲキ!!,2,stage
126,stage-042-3,渋谷クレストンホテル,東京都,渋谷,渋谷・神泉,stage-042,42,CBGKシブゲキ!!,3,stage
127,stage-043-1,The OneFive Tokyo Shibuya,東京都,渋谷,渋谷・原宿,stage-043,43,渋谷区文化総合センター大和田 さくらホール,1,stage
128,stage-043-2,渋谷東武ホテル,東京都,渋谷,渋谷,stage-043,43,渋谷区文化総合センター大和田 さくらホール,2,stage
129,stage-043-3,渋谷クレストンホテル,東京都,渋谷,渋谷・神泉,stage-043,43,渋谷区文化総合センター大和田 さくらホール,3,stage
130,stage-044-1,The OneFive Tokyo Shibuya,東京都,渋谷,渋谷・原宿,stage-044,44,渋谷区文化総合センター大和田 伝承ホール,1,stage
131,stage-044-2,渋谷東武ホテル,東京都,渋谷,渋谷,stage-044,44,渋谷区文化総合センター大和田 伝承ホール,2,stage
132,stage-044-3,渋谷クレストンホテル,東京都,渋谷,渋谷・神泉,stage-044,44,渋谷区文化総合センター大和田 伝承ホール,3,stage
133,stage-045-1,アーバイン東京・上野 北千住,東京都,北千住,北千住,stage-045,45,シアター1010,1,stage
134,stage-045-2,ホテル ココ・グラン北千住,東京都,北千住,北千住,stage-045,45,シアター1010,2,stage
135,stage-045-3,ホテルリブマックス東京綾瀬駅前,東京都,北千住,綾瀬,stage-045,45,シアター1010,3,stage
136,stage-046-1,スマイルホテル東京綾瀬駅前,東京都,亀有,綾瀬,stage-046,46,かめありリリオホール,1,stage
137,stage-046-2,ホテルリブマックス東京綾瀬駅前,東京都,亀有,綾瀬,stage-046,46,かめありリリオホール,2,stage
138,stage-046-3,アーバイン東京・上野 北千住,東京都,亀有,北千住,stage-046,46,かめありリリオホール,3,stage
139,stage-047-1,くれたけイン東京船堀,東京都,船堀,船堀,stage-047,47,タワーホール船堀 大ホール,1,stage
140,stage-047-2,レンブラントスタイル東京西葛西,東京都,船堀,西葛西,stage-047,47,タワーホール船堀 大ホール,2,stage
141,stage-047-3,アパホテル〈TKP東京西葛西〉,東京都,船堀,西葛西,stage-047,47,タワーホール船堀 大ホール,3,stage
142,stage-048-1,スマイルホテル東京新小岩,東京都,新小岩,新小岩,stage-048,48,江戸川区総合文化センター 大ホール,1,stage
143,stage-048-2,スーパーホテル東京・JR新小岩,東京都,新小岩,新小岩,stage-048,48,江戸川区総合文化センター 大ホール,2,stage
144,stage-048-3,サイプレスイン東京,東京都,新小岩,新小岩,stage-048,48,江戸川区総合文化センター 大ホール,3,stage
145,stage-049-1,スマイルホテル東京新小岩,東京都,新小岩,新小岩,stage-049,49,江戸川区総合文化センター 小ホール,1,stage
146,stage-049-2,スーパーホテル東京・JR新小岩,東京都,新小岩,新小岩,stage-049,49,江戸川区総合文化センター 小ホール,2,stage
147,stage-049-3,サイプレスイン東京,東京都,新小岩,新小岩,stage-049,49,江戸川区総合文化センター 小ホール,3,stage
148,stage-050-1,フレックステイイン江古田,東京都,練馬,江古田・新江古田,stage-050,50,練馬文化センター 大ホール(こぶしホール),1,stage
149,stage-050-2,ホテルカデンツァ東京,東京都,練馬,光が丘,stage-050,50,練馬文化センター 大ホール(こぶしホール),2,stage
150,stage-050-3,和光市東武ホテル,東京都,練馬,和光市,stage-050,50,練馬文化センター 大ホール(こぶしホール),3,stage
151,stage-051-1,フレックステイイン江古田,東京都,練馬,江古田・新江古田,stage-051,51,練馬文化センター 小ホール(つつじホール),1,stage
152,stage-051-2,ホテルカデンツァ東京,東京都,練馬,光が丘,stage-051,51,練馬文化センター 小ホール(つつじホール),2,stage
153,stage-051-3,和光市東武ホテル,東京都,練馬,和光市,stage-051,51,練馬文化センター 小ホール(つつじホール),3,stage
154,stage-052-1,吉祥寺東急REIホテル,東京都,吉祥寺,吉祥寺,stage-052,52,吉祥寺シアター,1,stage
155,stage-052-2,吉祥寺エクセルホテル東急,東京都,吉祥寺,吉祥寺,stage-052,52,吉祥寺シアター,2,stage
156,stage-052-3,リッチモンドホテル東京武蔵野,東京都,吉祥寺,三鷹,stage-052,52,吉祥寺シアター,3,stage
157,stage-053-1,リッチモンドホテル東京武蔵野,東京都,三鷹,三鷹,stage-053,53,武蔵野芸能劇場 小劇場,1,stage
158,stage-053-2,三鷹シティホテル,東京都,三鷹,三鷹,stage-053,53,武蔵野芸能劇場 小劇場,2,stage
159,stage-053-3,JR東日本ホテルメッツ 武蔵境,東京都,三鷹,武蔵境,stage-053,53,武蔵野芸能劇場 小劇場,3,stage
160,stage-054-1,リッチモンドホテル東京武蔵野,東京都,三鷹,三鷹,stage-054,54,三鷹市芸術文化センター 星のホール,1,stage
161,stage-054-2,三鷹シティホテル,東京都,三鷹,三鷹,stage-054,54,三鷹市芸術文化センター 星のホール,2,stage
162,stage-054-3,JR東日本ホテルメッツ 武蔵境,東京都,三鷹,武蔵境,stage-054,54,三鷹市芸術文化センター 星のホール,3,stage
163,stage-055-1,JR東日本ホテルメッツ 高円寺,東京都,高円寺,高円寺,stage-055,55,座・高円寺1,1,stage
164,stage-055-2,ビジネスホテル クレセント,東京都,高円寺,中野,stage-055,55,座・高円寺1,2,stage
165,stage-055-3,ホテルルートイン東京阿佐ヶ谷,東京都,高円寺,南阿佐ヶ谷,stage-055,55,座・高円寺1,3,stage
166,stage-056-1,JR東日本ホテルメッツ 高円寺,東京都,高円寺,高円寺,stage-056,56,座・高円寺2,1,stage
167,stage-056-2,ビジネスホテル クレセント,東京都,高円寺,中野,stage-056,56,座・高円寺2,2,stage
168,stage-056-3,ホテルルートイン東京阿佐ヶ谷,東京都,高円寺,南阿佐ヶ谷,stage-056,56,座・高円寺2,3,stage
169,stage-057-1,ビジネスホテル クレセント,東京都,中野,中野,stage-057,57,ザ・ポケット,1,stage
170,stage-057-2,JR東日本ホテルメッツ 高円寺,東京都,中野,高円寺,stage-057,57,ザ・ポケット,2,stage
171,stage-057-3,ホテルルートイン東京阿佐ヶ谷,東京都,中野,南阿佐ヶ谷,stage-057,57,ザ・ポケット,3,stage
172,stage-058-1,ビジネスホテル クレセント,東京都,中野,中野,stage-058,58,劇場MOMO,1,stage
173,stage-058-2,JR東日本ホテルメッツ 高円寺,東京都,中野,高円寺,stage-058,58,劇場MOMO,2,stage
174,stage-058-3,ホテルルートイン東京阿佐ヶ谷,東京都,中野,南阿佐ヶ谷,stage-058,58,劇場MOMO,3,stage
175,stage-059-1,ビジネスホテル クレセント,東京都,中野,中野,stage-059,59,テアトルBONBON,1,stage
176,stage-059-2,JR東日本ホテルメッツ 高円寺,東京都,中野,高円寺,stage-059,59,テアトルBONBON,2,stage
177,stage-059-3,ホテルルートイン東京阿佐ヶ谷,東京都,中野,南阿佐ヶ谷,stage-059,59,テアトルBONBON,3,stage
178,stage-060-1,ビジネスホテル クレセント,東京都,中野,中野,stage-060,60,なかのZERO 大ホール,1,stage
179,stage-060-2,JR東日本ホテルメッツ 高円寺,東京都,中野,高円寺,stage-060,60,なかのZERO 大ホール,2,stage
180,stage-060-3,ホテルルートイン東京阿佐ヶ谷,東京都,中野,南阿佐ヶ谷,stage-060,60,なかのZERO 大ホール,3,stage
181,stage-061-1,ビジネスホテル クレセント,東京都,中野,中野,stage-061,61,なかのZERO 小ホール,1,stage
182,stage-061-2,JR東日本ホテルメッツ 高円寺,東京都,中野,高円寺,stage-061,61,なかのZERO 小ホール,2,stage
183,stage-061-3,ホテルルートイン東京阿佐ヶ谷,東京都,中野,南阿佐ヶ谷,stage-061,61,なかのZERO 小ホール,3,stage
184,stage-062-1,ホテルグランドシティ,東京都,東池袋,池袋東口,stage-062,62,あうるすぽっと,1,stage
185,stage-062-2,ホテルリソル池袋,東京都,東池袋,東池袋・池袋,stage-062,62,あうるすぽっと,2,stage
186,stage-062-3,京王プレッソイン池袋,東京都,東池袋,東池袋・池袋,stage-062,62,あうるすぽっと,3,stage
187,stage-063-1,TOKIO's HOTEL,東京都,王子,王子,stage-063,63,北とぴあ さくらホール,1,stage
188,stage-063-2,東横INN京浜東北線王子駅北口,東京都,王子,王子,stage-063,63,北とぴあ さくらホール,2,stage
189,stage-063-3,JR東日本ホテルメッツ 赤羽,東京都,王子,赤羽,stage-063,63,北とぴあ さくらホール,3,stage
190,stage-064-1,ホテルカデンツァ東京,東京都,光が丘,光が丘,stage-064,64,IMAホール,1,stage
191,stage-064-2,和光市東武ホテル,東京都,光が丘,和光市,stage-064,64,IMAホール,2,stage
192,stage-064-3,東横INN和光市駅前,東京都,光が丘,和光市,stage-064,64,IMAホール,3,stage
193,stage-065-1,東急ステイ目黒・祐天寺,東京都,都立大学,祐天寺,stage-065,65,めぐろパーシモンホール 大ホール,1,stage
194,stage-065-2,ホテルミッドイン目黒駅前,東京都,都立大学,目黒,stage-065,65,めぐろパーシモンホール 大ホール,2,stage
195,stage-065-3,ホテルアベスト目黒,東京都,都立大学,目黒,stage-065,65,めぐろパーシモンホール 大ホール,3,stage
196,stage-066-1,ホテルマイステイズ蒲田,東京都,蒲田,蒲田,stage-066,66,大田区民ホール・アプリコ 大ホール,1,stage
197,stage-066-2,ビジネスイン和,東京都,蒲田,蒲田,stage-066,66,大田区民ホール・アプリコ 大ホール,2,stage
198,stage-066-3,グランパークホテル パネックス東京,東京都,蒲田,蒲田,stage-066,66,大田区民ホール・アプリコ 大ホール,3,stage
199,stage-067-1,ホテル トレンド 浅草,東京都,浅草,浅草,stage-067,67,浅草公会堂,1,stage
200,stage-067-2,アパホテル〈浅草 田原町駅前〉,東京都,浅草,田原町・浅草,stage-067,67,浅草公会堂,2,stage
201,stage-067-3,ホテルウィングインターナショナルセレクト浅草駒形,東京都,浅草,浅草・蔵前,stage-067,67,浅草公会堂,3,stage
202,stage-068-1,ホテル トレンド 浅草,東京都,浅草,浅草,stage-068,68,浅草花劇場,1,stage
203,stage-068-2,アパホテル〈浅草 田原町駅前〉,東京都,浅草,田原町・浅草,stage-068,68,浅草花劇場,2,stage
204,stage-068-3,ホテルウィングインターナショナルセレクト浅草駒形,東京都,浅草,浅草・蔵前,stage-068,68,浅草花劇場,3,stage
205,stage-069-1,スーパーホテル品川・新馬場,東京都,新馬場・北品川,新馬場,stage-069,69,六行会ホール,1,stage
206,stage-069-2,東横INN品川港南口天王洲アイル,東京都,新馬場・北品川,天王洲アイル,stage-069,69,六行会ホール,2,stage
207,stage-069-3,アパホテル〈品川 泉岳寺駅前〉,東京都,新馬場・北品川,泉岳寺,stage-069,69,六行会ホール,3,stage
208,stage-070-1,ホテルグランドシティ,東京都,池袋東口,池袋東口,stage-070,70,Theater Mixa,1,stage
209,stage-070-2,ホテルリソル池袋,東京都,池袋東口,東池袋・池袋,stage-070,70,Theater Mixa,2,stage
210,stage-070-3,京王プレッソイン池袋,東京都,池袋東口,東池袋・池袋,stage-070,70,Theater Mixa,3,stage
211,stage-071-1,アパホテル〈上野駅前〉,東京都,上野・稲荷町,上野,stage-071,71,飛行船シアター,1,stage
212,stage-071-2,上野ホテル,東京都,上野・稲荷町,上野・入谷,stage-071,71,飛行船シアター,2,stage
213,stage-071-3,ベッセルイン上野入谷駅前,東京都,上野・稲荷町,入谷,stage-071,71,飛行船シアター,3,stage
214,stage-072-1,ホテルエミシア東京立川,東京都,立川,立川,stage-072,72,TACHIKAWA STAGE GARDEN,1,stage
215,stage-072-2,立川リージェントホテル,東京都,立川,立川,stage-072,72,TACHIKAWA STAGE GARDEN,2,stage
216,stage-072-3,ホテルマイステイズ立川,東京都,立川,立川,stage-072,72,TACHIKAWA STAGE GARDEN,3,stage
217,stage-073-1,京急EXイン 羽田イノベーションシティ,東京都,天空橋,天空橋,stage-073,73,Zepp Haneda (TOKYO),1,stage
218,stage-073-2,ホテルメトロポリタン 羽田,東京都,天空橋,天空橋,stage-073,73,Zepp Haneda (TOKYO),2,stage
219,stage-073-3,京急EXイン 羽田,東京都,天空橋,天空橋・穴守稲荷,stage-073,73,Zepp Haneda (TOKYO),3,stage
220,stage-074-1,東横INN鶯谷駅前,東京都,鶯谷,鶯谷,stage-074,74,東京キネマ倶楽部,1,stage
221,stage-074-2,ホテルセレッソ,東京都,鶯谷,鶯谷・日暮里,stage-074,74,東京キネマ倶楽部,2,stage
222,stage-074-3,ベッセルイン上野入谷駅前,東京都,鶯谷,入谷,stage-074,74,東京キネマ倶楽部,3,stage
223,stage-075-1,ホテルJALシティ関内 横浜,神奈川県,日本大通り・山下町,日本大通り,stage-075,75,KAAT 神奈川芸術劇場 ホール,1,stage
224,stage-075-2,コンフォートホテル横浜関内,神奈川県,日本大通り・山下町,関内,stage-075,75,KAAT 神奈川芸術劇場 ホール,2,stage
225,stage-075-3,ダイワロイネットホテル横浜公園,神奈川県,日本大通り・山下町,日本大通り・関内,stage-075,75,KAAT 神奈川芸術劇場 ホール,3,stage
226,stage-076-1,ホテルJALシティ関内 横浜,神奈川県,日本大通り・山下町,日本大通り,stage-076,76,KAAT 神奈川芸術劇場 大スタジオ,1,stage
227,stage-076-2,コンフォートホテル横浜関内,神奈川県,日本大通り・山下町,関内,stage-076,76,KAAT 神奈川芸術劇場 大スタジオ,2,stage
228,stage-076-3,ダイワロイネットホテル横浜公園,神奈川県,日本大通り・山下町,日本大通り・関内,stage-076,76,KAAT 神奈川芸術劇場 大スタジオ,3,stage
229,stage-077-1,横浜桜木町ワシントンホテル,神奈川県,みなとみらい・桜木町,桜木町,stage-077,77,ぴあアリーナMM,1,stage
230,stage-077-2,ニューオータニイン横浜プレミアム,神奈川県,みなとみらい・桜木町,桜木町,stage-077,77,ぴあアリーナMM,2,stage
231,stage-077-3,相鉄フレッサイン 横浜桜木町,神奈川県,みなとみらい・桜木町,馬車道,stage-077,77,ぴあアリーナMM,3,stage
232,stage-078-1,横浜桜木町ワシントンホテル,神奈川県,みなとみらい,桜木町,stage-078,78,パシフィコ横浜 国立大ホール,1,stage
233,stage-078-2,ニューオータニイン横浜プレミアム,神奈川県,みなとみらい,桜木町,stage-078,78,パシフィコ横浜 国立大ホール,2,stage
234,stage-078-3,相鉄フレッサイン 横浜桜木町,神奈川県,みなとみらい,馬車道,stage-078,78,パシフィコ横浜 国立大ホール,3,stage
235,stage-079-1,横浜桜木町ワシントンホテル,神奈川県,新高島・横浜駅東口,桜木町,stage-079,79,KT Zepp Yokohama,1,stage
236,stage-079-2,ニューオータニイン横浜プレミアム,神奈川県,新高島・横浜駅東口,桜木町,stage-079,79,KT Zepp Yokohama,2,stage
237,stage-079-3,相鉄フレッサイン 横浜桜木町,神奈川県,新高島・横浜駅東口,馬車道,stage-079,79,KT Zepp Yokohama,3,stage
238,stage-080-1,ホテルJALシティ関内 横浜,神奈川県,関内・伊勢佐木長者町,日本大通り,stage-080,80,横浜BUNTAI,1,stage
239,stage-080-2,コンフォートホテル横浜関内,神奈川県,関内・伊勢佐木長者町,関内,stage-080,80,横浜BUNTAI,2,stage
240,stage-080-3,ダイワロイネットホテル横浜公園,神奈川県,関内・伊勢佐木長者町,日本大通り・関内,stage-080,80,横浜BUNTAI,3,stage
241,stage-081-1,ホテルJALシティ関内 横浜,神奈川県,関内・馬車道,日本大通り,stage-081,81,関内ホール 大ホール,1,stage
242,stage-081-2,コンフォートホテル横浜関内,神奈川県,関内・馬車道,関内,stage-081,81,関内ホール 大ホール,2,stage
243,stage-081-3,ダイワロイネットホテル横浜公園,神奈川県,関内・馬車道,日本大通り・関内,stage-081,81,関内ホール 大ホール,3,stage
244,stage-082-1,ホテルJALシティ関内 横浜,神奈川県,関内・馬車道,日本大通り,stage-082,82,関内ホール 小ホール,1,stage
245,stage-082-2,コンフォートホテル横浜関内,神奈川県,関内・馬車道,関内,stage-082,82,関内ホール 小ホール,2,stage
246,stage-082-3,ダイワロイネットホテル横浜公園,神奈川県,関内・馬車道,日本大通り・関内,stage-082,82,関内ホール 小ホール,3,stage
247,stage-083-1,横浜桜木町ワシントンホテル,神奈川県,馬車道・みなとみらい,桜木町,stage-083,83,横浜赤レンガ倉庫1号館 3Fホール,1,stage
248,stage-083-2,ニューオータニイン横浜プレミアム,神奈川県,馬車道・みなとみらい,桜木町,stage-083,83,横浜赤レンガ倉庫1号館 3Fホール,2,stage
249,stage-083-3,相鉄フレッサイン 横浜桜木町,神奈川県,馬車道・みなとみらい,馬車道,stage-083,83,横浜赤レンガ倉庫1号館 3Fホール,3,stage
250,stage-084-1,横浜桜木町ワシントンホテル,神奈川県,桜木町・みなとみらい,桜木町,stage-084,84,横浜ランドマークホール,1,stage
251,stage-084-2,ニューオータニイン横浜プレミアム,神奈川県,桜木町・みなとみらい,桜木町,stage-084,84,横浜ランドマークホール,2,stage
252,stage-084-3,相鉄フレッサイン 横浜桜木町,神奈川県,桜木町・みなとみらい,馬車道,stage-084,84,横浜ランドマークホール,3,stage
253,stage-085-1,メルキュール横須賀,神奈川県,汐入・横須賀中央,汐入,stage-085,85,横須賀芸術劇場,1,stage
254,stage-085-2,ホテルニューヨコスカ,神奈川県,汐入・横須賀中央,横須賀中央,stage-085,85,横須賀芸術劇場,2,stage
255,stage-085-3,セントラルホテル横須賀,神奈川県,汐入・横須賀中央,横須賀中央,stage-085,85,横須賀芸術劇場,3,stage
256,stage-086-1,メルキュール横須賀,神奈川県,汐入・横須賀中央,汐入,stage-086,86,ヨコスカ・ベイサイド・ポケット,1,stage
257,stage-086-2,ホテルニューヨコスカ,神奈川県,汐入・横須賀中央,横須賀中央,stage-086,86,ヨコスカ・ベイサイド・ポケット,2,stage
258,stage-086-3,セントラルホテル横須賀,神奈川県,汐入・横須賀中央,横須賀中央,stage-086,86,ヨコスカ・ベイサイド・ポケット,3,stage
259,stage-087-1,川崎日航ホテル,神奈川県,川崎,川崎,stage-087,87,カルッツかわさき ホール,1,stage
260,stage-087-2,JR東日本ホテルメッツ 川崎,神奈川県,川崎,川崎,stage-087,87,カルッツかわさき ホール,2,stage
261,stage-087-3,相鉄フレッサイン 川崎駅東口,神奈川県,川崎,川崎,stage-087,87,カルッツかわさき ホール,3,stage
262,stage-088-1,川崎日航ホテル,神奈川県,川崎,川崎,stage-088,88,CLUB CITTA',1,stage
263,stage-088-2,JR東日本ホテルメッツ 川崎,神奈川県,川崎,川崎,stage-088,88,CLUB CITTA',2,stage
264,stage-088-3,相鉄フレッサイン 川崎駅東口,神奈川県,川崎,川崎,stage-088,88,CLUB CITTA',3,stage
265,stage-089-1,ホテルモリノ新百合丘,神奈川県,新百合ヶ丘,新百合ヶ丘,stage-089,89,川崎市アートセンター アルテリオ小劇場,1,stage
266,stage-089-2,ホテルリソル町田,神奈川県,新百合ヶ丘,町田,stage-089,89,川崎市アートセンター アルテリオ小劇場,2,stage
267,stage-089-3,レンブラントホテル東京町田,神奈川県,新百合ヶ丘,町田,stage-089,89,川崎市アートセンター アルテリオ小劇場,3,stage
268,stage-090-1,小田急ホテルセンチュリー相模大野,神奈川県,相模大野,相模大野,stage-090,90,相模女子大学グリーンホール 大ホール,1,stage
269,stage-090-2,ホテルクラウンヒルズ相模原,神奈川県,相模大野,相模原,stage-090,90,相模女子大学グリーンホール 大ホール,2,stage
270,stage-090-3,ホテルウィングインターナショナル相模原,神奈川県,相模大野,上溝,stage-090,90,相模女子大学グリーンホール 大ホール,3,stage
271,stage-091-1,アパホテル〈相模原 橋本駅前〉,神奈川県,橋本,橋本,stage-091,91,杜のホールはしもと ホール,1,stage
272,stage-091-2,アイホテル橋本,神奈川県,橋本,橋本,stage-091,91,杜のホールはしもと ホール,2,stage
273,stage-091-3,橋本パークホテル,神奈川県,橋本,橋本,stage-091,91,杜のホールはしもと ホール,3,stage
274,stage-092-1,相鉄フレッサイン 鎌倉大船駅笠間口,神奈川県,大船,大船,stage-092,92,鎌倉芸術館 大ホール,1,stage
275,stage-092-2,相鉄フレッサイン 鎌倉大船駅東口,神奈川県,大船,大船,stage-092,92,鎌倉芸術館 大ホール,2,stage
276,stage-092-3,JR東日本ホテルメッツ かまくら大船,神奈川県,大船,大船,stage-092,92,鎌倉芸術館 大ホール,3,stage
277,stage-093-1,東横INN小田原駅東口,神奈川県,小田原,小田原,stage-093,93,小田原三の丸ホール 大ホール,1,stage
278,stage-093-2,天成園 小田原駅 別館,神奈川県,小田原,小田原,stage-093,93,小田原三の丸ホール 大ホール,2,stage
279,stage-093-3,小田原ターミナルホテル,神奈川県,小田原,小田原,stage-093,93,小田原三の丸ホール 大ホール,3,stage
280,stage-094-1,東横INN湘南平塚駅北口1,神奈川県,平塚,平塚,stage-094,94,ひらしん平塚文化芸術ホール 大ホール,1,stage
281,stage-094-2,東横INN湘南平塚駅北口2,神奈川県,平塚,平塚,stage-094,94,ひらしん平塚文化芸術ホール 大ホール,2,stage
282,stage-094-3,3S HOTEL HIRATSUKA,神奈川県,平塚,平塚,stage-094,94,ひらしん平塚文化芸術ホール 大ホール,3,stage
283,stage-095-1,日和ホテル舞浜,千葉県,舞浜・新浦安,舞浜・新浦安,stage-095,95,舞浜アンフィシアター,1,stage
284,stage-095-2,ホテルマイステイズ舞浜,千葉県,舞浜・新浦安,舞浜,stage-095,95,舞浜アンフィシアター,2,stage
285,stage-095-3,変なホテル舞浜 東京ベイ,千葉県,舞浜・新浦安,舞浜,stage-095,95,舞浜アンフィシアター,3,stage
286,stage-096-1,アパホテル&リゾート〈東京ベイ幕張〉,千葉県,海浜幕張,海浜幕張,stage-096,96,幕張メッセ 幕張イベントホール,1,stage
287,stage-096-2,ホテルスプリングス幕張プレミア,千葉県,海浜幕張,海浜幕張,stage-096,96,幕張メッセ 幕張イベントホール,2,stage
288,stage-096-3,ホテルフランクス,千葉県,海浜幕張,海浜幕張,stage-096,96,幕張メッセ 幕張イベントホール,3,stage
289,stage-097-1,市川グランドホテル,千葉県,本八幡・市川,市川,stage-097,97,市川市文化会館 大ホール,1,stage
290,stage-097-2,スーパーホテル東西線・市川・妙典駅前,千葉県,本八幡・市川,妙典,stage-097,97,市川市文化会館 大ホール,2,stage
291,stage-097-3,東横INN西船橋原木インター,千葉県,本八幡・市川,原木中山,stage-097,97,市川市文化会館 大ホール,3,stage
292,stage-098-1,東横INN松戸駅東口,千葉県,新八柱・八柱,松戸,stage-098,98,森のホール21 大ホール,1,stage
293,stage-098-2,ホテルルートイン北松戸駅前,千葉県,新八柱・八柱,北松戸,stage-098,98,森のホール21 大ホール,2,stage
294,stage-098-3,新松戸ステーションホテル,千葉県,新八柱・八柱,新松戸,stage-098,98,森のホール21 大ホール,3,stage
295,stage-099-1,ダイワロイネットホテル千葉中央,千葉県,本千葉・県庁前,千葉中央,stage-099,99,千葉県文化会館 大ホール,1,stage
296,stage-099-2,京成ホテルミラマーレ,千葉県,本千葉・県庁前,千葉中央,stage-099,99,千葉県文化会館 大ホール,2,stage
297,stage-099-3,アパホテル〈千葉中央駅前〉,千葉県,本千葉・県庁前,千葉中央,stage-099,99,千葉県文化会館 大ホール,3,stage
298,stage-100-1,ダイワロイネットホテル千葉中央,千葉県,千葉・東千葉,千葉中央,stage-100,100,千葉市民会館 大ホール,1,stage
299,stage-100-2,京成ホテルミラマーレ,千葉県,千葉・東千葉,千葉中央,stage-100,100,千葉市民会館 大ホール,2,stage
300,stage-100-3,アパホテル〈千葉中央駅前〉,千葉県,千葉・東千葉,千葉中央,stage-100,100,千葉市民会館 大ホール,3,stage
301,stage-101-1,ダイワロイネットホテル千葉中央,千葉県,千葉寺・本千葉,千葉中央,stage-101,101,青葉の森公園芸術文化ホール,1,stage
302,stage-101-2,京成ホテルミラマーレ,千葉県,千葉寺・本千葉,千葉中央,stage-101,101,青葉の森公園芸術文化ホール,2,stage
303,stage-101-3,アパホテル〈千葉中央駅前〉,千葉県,千葉寺・本千葉,千葉中央,stage-101,101,青葉の森公園芸術文化ホール,3,stage
304,stage-102-1,浦安サンホテル,千葉県,浦安・新浦安,浦安,stage-102,102,浦安市文化会館 大ホール,1,stage
305,stage-102-2,BAY HOTEL 浦安駅前,千葉県,浦安・新浦安,浦安,stage-102,102,浦安市文化会館 大ホール,2,stage
306,stage-102-3,マイステイズ新浦安コンファレンスセンター,千葉県,浦安・新浦安,新浦安,stage-102,102,浦安市文化会館 大ホール,3,stage
307,stage-103-1,相鉄フレッサイン 千葉柏,千葉県,柏,柏,stage-103,103,柏市民文化会館 大ホール,1,stage
308,stage-103-2,ザ・クレストホテル柏,千葉県,柏,柏,stage-103,103,柏市民文化会館 大ホール,2,stage
309,stage-103-3,東横INN柏駅西口,千葉県,柏,柏,stage-103,103,柏市民文化会館 大ホール,3,stage
310,stage-104-1,JR東日本ホテルメッツ 船橋,千葉県,船橋,船橋,stage-104,104,船橋市民文化ホール,1,stage
311,stage-104-2,ホテルフローラ船橋,千葉県,船橋,船橋,stage-104,104,船橋市民文化ホール,2,stage
312,stage-104-3,X wave 船橋,千葉県,船橋,船橋,stage-104,104,船橋市民文化ホール,3,stage
313,stage-105-1,パレスホテル大宮,埼玉県,大宮,大宮,stage-105,105,大宮ソニックシティ 大ホール,1,stage
314,stage-105-2,ダイワロイネットホテル大宮西口,埼玉県,大宮,大宮,stage-105,105,大宮ソニックシティ 大ホール,2,stage
315,stage-105-3,カンデオホテルズ大宮,埼玉県,大宮,大宮,stage-105,105,大宮ソニックシティ 大ホール,3,stage
316,stage-106-1,パレスホテル大宮,埼玉県,大宮,大宮,stage-106,106,RaiBoC Hall(さいたま市民会館おおみや)大ホール,1,stage
317,stage-106-2,ダイワロイネットホテル大宮西口,埼玉県,大宮,大宮,stage-106,106,RaiBoC Hall(さいたま市民会館おおみや)大ホール,2,stage
318,stage-106-3,カンデオホテルズ大宮,埼玉県,大宮,大宮,stage-106,106,RaiBoC Hall(さいたま市民会館おおみや)大ホール,3,stage
319,stage-107-1,ホテルニュー埼玉,埼玉県,南浦和,南浦和,stage-107,107,さいたま市文化センター 大ホール,1,stage
320,stage-107-2,JR東日本ホテルメッツ 浦和,埼玉県,南浦和,浦和,stage-107,107,さいたま市文化センター 大ホール,2,stage
321,stage-107-3,浦和ワシントンホテル,埼玉県,南浦和,浦和,stage-107,107,さいたま市文化センター 大ホール,3,stage
322,stage-108-1,東横INNさいたま新都心,埼玉県,与野本町,さいたま新都心,stage-108,108,彩の国さいたま芸術劇場 大ホール,1,stage
323,stage-108-2,ホテルメトロポリタンさいたま新都心,埼玉県,与野本町,さいたま新都心,stage-108,108,彩の国さいたま芸術劇場 大ホール,2,stage
324,stage-108-3,アパホテル〈さいたま新都心駅北〉,埼玉県,与野本町,さいたま新都心,stage-108,108,彩の国さいたま芸術劇場 大ホール,3,stage
325,stage-109-1,東横INNさいたま新都心,埼玉県,与野本町,さいたま新都心,stage-109,109,彩の国さいたま芸術劇場 小ホール,1,stage
326,stage-109-2,ホテルメトロポリタンさいたま新都心,埼玉県,与野本町,さいたま新都心,stage-109,109,彩の国さいたま芸術劇場 小ホール,2,stage
327,stage-109-3,アパホテル〈さいたま新都心駅北〉,埼玉県,与野本町,さいたま新都心,stage-109,109,彩の国さいたま芸術劇場 小ホール,3,stage
328,stage-110-1,JR東日本ホテルメッツ 浦和,埼玉県,浦和,浦和,stage-110,110,埼玉会館 大ホール,1,stage
329,stage-110-2,浦和ワシントンホテル,埼玉県,浦和,浦和,stage-110,110,埼玉会館 大ホール,2,stage
330,stage-110-3,ロイヤルパインズホテル浦和,埼玉県,浦和,浦和,stage-110,110,埼玉会館 大ホール,3,stage
331,stage-111-1,東横INN北戸田駅東口,埼玉県,戸田,北戸田,stage-111,111,戸田市文化会館,1,stage
332,stage-111-2,東横INN西川口駅,埼玉県,戸田,西川口,stage-111,111,戸田市文化会館,2,stage
333,stage-111-3,西川口ステーションホテル ステイラウンジ,埼玉県,戸田,西川口,stage-111,111,戸田市文化会館,3,stage
334,stage-112-1,和光市東武ホテル,埼玉県,和光市,和光市,stage-112,112,和光市民文化センター サンアゼリア 大ホール,1,stage
335,stage-112-2,東横INN北朝霞駅西口,埼玉県,和光市,北朝霞,stage-112,112,和光市民文化センター サンアゼリア 大ホール,2,stage
336,stage-112-3,スマイルホテル北朝霞,埼玉県,和光市,北朝霞,stage-112,112,和光市民文化センター サンアゼリア 大ホール,3,stage
337,stage-113-1,川越東武ホテル,埼玉県,川越,川越,stage-113,113,ウェスタ川越 大ホール,1,stage
338,stage-113-2,川越プリンスホテル,埼玉県,川越,本川越,stage-113,113,ウェスタ川越 大ホール,2,stage
339,stage-113-3,スーパーホテル埼玉・川越,埼玉県,川越,本川越,stage-113,113,ウェスタ川越 大ホール,3,stage
340,stage-114-1,東横INN三郷中央駅前,埼玉県,三郷,三郷中央,stage-114,114,三郷市文化会館 大ホール,1,stage
341,stage-114-2,ホテルサンクローバー三郷,埼玉県,三郷,三郷,stage-114,114,三郷市文化会館 大ホール,2,stage
342,stage-114-3,東横INN八潮駅前,埼玉県,三郷,八潮,stage-114,114,三郷市文化会館 大ホール,3,stage
343,stage-115-1,所沢パークホテル,埼玉県,航空公園・所沢,所沢,stage-115,115,所沢市民文化センター ミューズ マーキーホール,1,stage
344,stage-115-2,久米川ウィングホテル,埼玉県,航空公園・所沢,久米川,stage-115,115,所沢市民文化センター ミューズ マーキーホール,2,stage
345,stage-115-3,ビジネスホテル マーキュリー,埼玉県,航空公園・所沢,久米川,stage-115,115,所沢市民文化センター ミューズ マーキーホール,3,stage
346,stage-116-1,所沢パークホテル,埼玉県,東所沢,所沢,stage-116,116,ところざわサクラタウン ジャパンパビリオン ホールA,1,stage
347,stage-116-2,久米川ウィングホテル,埼玉県,東所沢,久米川,stage-116,116,ところざわサクラタウン ジャパンパビリオン ホールA,2,stage
348,stage-116-3,ビジネスホテル マーキュリー,埼玉県,東所沢,久米川,stage-116,116,ところざわサクラタウン ジャパンパビリオン ホールA,3,stage
349,stage-117-1,ダイワロイネットホテル水戸,茨城県,水戸,水戸,stage-117,117,水戸市民会館 グロービスホール,1,stage
350,stage-117-2,JR東日本ホテルメッツ 水戸,茨城県,水戸,水戸,stage-117,117,水戸市民会館 グロービスホール,2,stage
351,stage-117-3,水戸京成ホテル,茨城県,水戸,水戸,stage-117,117,水戸市民会館 グロービスホール,3,stage
352,stage-118-1,ダイワロイネットホテル水戸,茨城県,水戸,水戸,stage-118,118,ザ・ヒロサワ・シティ会館 大ホール,1,stage
353,stage-118-2,JR東日本ホテルメッツ 水戸,茨城県,水戸,水戸,stage-118,118,ザ・ヒロサワ・シティ会館 大ホール,2,stage
354,stage-118-3,水戸京成ホテル,茨城県,水戸,水戸,stage-118,118,ザ・ヒロサワ・シティ会館 大ホール,3,stage
355,stage-119-1,ダイワロイネットホテルつくば,茨城県,つくば,つくば,stage-119,119,ノバホール,1,stage
356,stage-119-2,ホテル日航つくば,茨城県,つくば,つくば,stage-119,119,ノバホール,2,stage
357,stage-119-3,ホテルJALシティつくば,茨城県,つくば,つくば,stage-119,119,ノバホール,3,stage
358,stage-120-1,JR東日本ホテルメッツ 宇都宮,栃木県,宇都宮,宇都宮,stage-120,120,宇都宮市文化会館 大ホール,1,stage
359,stage-120-2,ダイワロイネットホテル宇都宮,栃木県,宇都宮,宇都宮,stage-120,120,宇都宮市文化会館 大ホール,2,stage
360,stage-120-3,リッチモンドホテル宇都宮駅前,栃木県,宇都宮,宇都宮,stage-120,120,宇都宮市文化会館 大ホール,3,stage
361,stage-121-1,JR東日本ホテルメッツ 宇都宮,栃木県,宇都宮,宇都宮,stage-121,121,栃木県総合文化センター メインホール,1,stage
362,stage-121-2,ダイワロイネットホテル宇都宮,栃木県,宇都宮,宇都宮,stage-121,121,栃木県総合文化センター メインホール,2,stage
363,stage-121-3,リッチモンドホテル宇都宮駅前,栃木県,宇都宮,宇都宮,stage-121,121,栃木県総合文化センター メインホール,3,stage
364,stage-122-1,ホテルメトロポリタン高崎,群馬県,高崎,高崎,stage-122,122,高崎芸術劇場 大劇場,1,stage
365,stage-122-2,ホテルココ・グラン高崎,群馬県,高崎,高崎,stage-122,122,高崎芸術劇場 大劇場,2,stage
366,stage-122-3,アパホテル〈高崎駅前〉,群馬県,高崎,高崎,stage-122,122,高崎芸術劇場 大劇場,3,stage
367,stage-123-1,天然温泉 妙義の湯 ドーミーイン前橋,群馬県,前橋,前橋,stage-123,123,昌賢学園まえばしホール 大ホール,1,stage
368,stage-123-2,コンフォートホテル前橋,群馬県,前橋,前橋,stage-123,123,昌賢学園まえばしホール 大ホール,2,stage
369,stage-123-3,アパホテル〈前橋駅北〉,群馬県,前橋,前橋,stage-123,123,昌賢学園まえばしホール 大ホール,3,stage
370,stage-124-1,東横INN群馬太田駅南口,群馬県,太田,太田,stage-124,124,太田市民会館 ホール,1,stage
371,stage-124-2,ホテルルートインGrand太田駅前,群馬県,太田,太田,stage-124,124,太田市民会館 ホール,2,stage
372,stage-124-3,太田グランドホテル,群馬県,太田,太田,stage-124,124,太田市民会館 ホール,3,stage
373,stage-125-1,東横INN桐生駅南口,群馬県,桐生,桐生,stage-125,125,美喜仁桐生文化会館 シルクホール,1,stage
374,stage-125-2,エースホテル,群馬県,桐生,桐生,stage-125,125,美喜仁桐生文化会館 シルクホール,2,stage
375,stage-125-3,パークイン桐生,群馬県,桐生,桐生,stage-125,125,美喜仁桐生文化会館 シルクホール,3,stage
376,stage-126-1,JRイン札幌北2条,北海道,札幌・大通,札幌・大通,stage-126,126,札幌文化芸術劇場 hitaru,1,stage
377,stage-126-2,ザ ノット 札幌,北海道,札幌・大通,大通・すすきの,stage-126,126,札幌文化芸術劇場 hitaru,2,stage
378,stage-126-3,札幌ビューホテル大通公園,北海道,札幌・大通,大通,stage-126,126,札幌文化芸術劇場 hitaru,3,stage
379,stage-127-1,JRイン札幌北2条,北海道,札幌・大通,札幌・大通,stage-127,127,カナモトホール(札幌市民ホール),1,stage
380,stage-127-2,ザ ノット 札幌,北海道,札幌・大通,大通・すすきの,stage-127,127,カナモトホール(札幌市民ホール),2,stage
381,stage-127-3,札幌ビューホテル大通公園,北海道,札幌・大通,大通,stage-127,127,カナモトホール(札幌市民ホール),3,stage
382,stage-128-1,JRイン札幌北2条,北海道,西11丁目・大通,札幌・大通,stage-128,128,札幌市教育文化会館 大ホール,1,stage
383,stage-128-2,ザ ノット 札幌,北海道,西11丁目・大通,大通・すすきの,stage-128,128,札幌市教育文化会館 大ホール,2,stage
384,stage-128-3,札幌ビューホテル大通公園,北海道,西11丁目・大通,大通,stage-128,128,札幌市教育文化会館 大ホール,3,stage
385,stage-129-1,JRイン札幌北2条,北海道,札幌駅・大通,札幌・大通,stage-129,129,共済ホール,1,stage
386,stage-129-2,ザ ノット 札幌,北海道,札幌駅・大通,大通・すすきの,stage-129,129,共済ホール,2,stage
387,stage-129-3,札幌ビューホテル大通公園,北海道,札幌駅・大通,大通,stage-129,129,共済ホール,3,stage
388,stage-130-1,ベッセルイン札幌中島公園,北海道,中島公園・すすきの,中島公園,stage-130,130,Zepp Sapporo,1,stage
389,stage-130-2,イビススタイルズ札幌,北海道,中島公園・すすきの,中島公園,stage-130,130,Zepp Sapporo,2,stage
390,stage-130-3,ホテルマイステイズ札幌中島公園,北海道,中島公園・すすきの,中島公園,stage-130,130,Zepp Sapporo,3,stage
391,stage-131-1,JRイン旭川,北海道,旭川,旭川,stage-131,131,旭川市民文化会館 大ホール,1,stage
392,stage-131-2,ホテルウィングインターナショナル旭川駅前,北海道,旭川,旭川,stage-131,131,旭川市民文化会館 大ホール,2,stage
393,stage-131-3,ワイズホテル旭川駅前,北海道,旭川,旭川,stage-131,131,旭川市民文化会館 大ホール,3,stage
394,stage-132-1,JRイン函館,北海道,函館・湯の川,函館,stage-132,132,函館市民会館 大ホール,1,stage
395,stage-132-2,プレミアホテル-CABIN PRESIDENT-函館,北海道,函館・湯の川,函館,stage-132,132,函館市民会館 大ホール,2,stage
396,stage-132-3,東横INN北海道函館駅前朝市,北海道,函館・湯の川,函館,stage-132,132,函館市民会館 大ホール,3,stage
397,stage-133-1,JRイン帯広,北海道,帯広,帯広,stage-133,133,帯広市民文化ホール 大ホール,1,stage
398,stage-133-2,リッチモンドホテル帯広駅前,北海道,帯広,帯広,stage-133,133,帯広市民文化ホール 大ホール,2,stage
399,stage-133-3,ホテルグランテラス帯広,北海道,帯広,帯広,stage-133,133,帯広市民文化ホール 大ホール,3,stage
400,stage-134-1,ANAクラウンプラザホテル釧路,北海道,釧路,釧路,stage-134,134,コーチャンフォー釧路文化ホール 大ホール,1,stage
401,stage-134-2,コンフォートホテル釧路,北海道,釧路,釧路,stage-134,134,コーチャンフォー釧路文化ホール 大ホール,2,stage
402,stage-134-3,スーパーホテル釧路駅前,北海道,釧路,釧路,stage-134,134,コーチャンフォー釧路文化ホール 大ホール,3,stage
403,stage-135-1,ホテルJALシティ仙台,宮城県,仙台・榴ケ岡,仙台,stage-135,135,仙台サンプラザホール,1,stage
404,stage-135-2,ダイワロイネットホテル仙台西口 PREMIER,宮城県,仙台・榴ケ岡,仙台,stage-135,135,仙台サンプラザホール,2,stage
405,stage-135-3,コンフォートホテル仙台西口,宮城県,仙台・榴ケ岡,仙台,stage-135,135,仙台サンプラザホール,3,stage
406,stage-136-1,ホテル定禅寺,宮城県,勾当台公園,勾当台公園,stage-136,136,東京エレクトロンホール宮城,1,stage
407,stage-136-2,アパホテル〈仙台勾当台公園〉,宮城県,勾当台公園,勾当台公園,stage-136,136,東京エレクトロンホール宮城,2,stage
408,stage-136-3,ホテルプレミアムグリーンソブリン,宮城県,勾当台公園,勾当台公園,stage-136,136,東京エレクトロンホール宮城,3,stage
409,stage-137-1,仙台ロイヤルパークホテル,宮城県,泉中央,泉中央・泉区,stage-137,137,仙台銀行ホール イズミティ21 大ホール,1,stage
410,stage-137-2,ホテルルートイン仙台泉インター,宮城県,泉中央,泉区,stage-137,137,仙台銀行ホール イズミティ21 大ホール,2,stage
411,stage-137-3,スマイルホテル仙台泉インター,宮城県,泉中央,泉区,stage-137,137,仙台銀行ホール イズミティ21 大ホール,3,stage
412,stage-138-1,ホテル定禅寺,宮城県,広瀬通・勾当台公園,勾当台公園,stage-138,138,電力ホール,1,stage
413,stage-138-2,アパホテル〈仙台勾当台公園〉,宮城県,広瀬通・勾当台公園,勾当台公園,stage-138,138,電力ホール,2,stage
414,stage-138-3,ホテルプレミアムグリーンソブリン,宮城県,広瀬通・勾当台公園,勾当台公園,stage-138,138,電力ホール,3,stage
415,stage-139-1,ホテルグリーンシティ,宮城県,旭ヶ丘,北仙台,stage-139,139,日立システムズホール仙台 シアターホール,1,stage
416,stage-139-2,アパホテル〈仙台勾当台公園〉,宮城県,旭ヶ丘,勾当台公園,stage-139,139,日立システムズホール仙台 シアターホール,2,stage
417,stage-139-3,ホテル定禅寺,宮城県,旭ヶ丘,勾当台公園,stage-139,139,日立システムズホール仙台 シアターホール,3,stage
418,stage-140-1,ダイワロイネットホテル郡山駅前,福島県,郡山,郡山,stage-140,140,けんしん郡山文化センター 大ホール,1,stage
419,stage-140-2,ホテルグローバルビュー郡山,福島県,郡山,郡山,stage-140,140,けんしん郡山文化センター 大ホール,2,stage
420,stage-140-3,コンフォートホテル郡山,福島県,郡山,郡山,stage-140,140,けんしん郡山文化センター 大ホール,3,stage
421,stage-141-1,ホテルルートインいわき駅前,福島県,いわき,いわき,stage-141,141,いわき芸術文化交流館アリオス アルパイン大ホール,1,stage
422,stage-141-2,東横INNいわき駅前,福島県,いわき,いわき,stage-141,141,いわき芸術文化交流館アリオス アルパイン大ホール,2,stage
423,stage-141-3,サンライズインいわき,福島県,いわき,いわき,stage-141,141,いわき芸術文化交流館アリオス アルパイン大ホール,3,stage
424,stage-142-1,リッチモンドホテル秋田駅前,秋田県,秋田,秋田,stage-142,142,あきた芸術劇場ミルハス 大ホール,1,stage
425,stage-142-2,ホテルメトロポリタン秋田,秋田県,秋田,秋田,stage-142,142,あきた芸術劇場ミルハス 大ホール,2,stage
426,stage-142-3,ANAクラウンプラザホテル秋田,秋田県,秋田,秋田,stage-142,142,あきた芸術劇場ミルハス 大ホール,3,stage
427,stage-143-1,リッチモンドホテル盛岡駅前,岩手県,盛岡,盛岡,stage-143,143,盛岡市民文化ホール 大ホール,1,stage
428,stage-143-2,ダイワロイネットホテル盛岡駅前,岩手県,盛岡,盛岡,stage-143,143,盛岡市民文化ホール 大ホール,2,stage
429,stage-143-3,ホテルメトロポリタン盛岡 NEW WING,岩手県,盛岡,盛岡,stage-143,143,盛岡市民文化ホール 大ホール,3,stage
430,stage-144-1,リッチモンドホテル盛岡駅前,岩手県,盛岡,盛岡,stage-144,144,トーサイクラシックホール岩手 大ホール,1,stage
431,stage-144-2,ダイワロイネットホテル盛岡駅前,岩手県,盛岡,盛岡,stage-144,144,トーサイクラシックホール岩手 大ホール,2,stage
432,stage-144-3,ホテルメトロポリタン盛岡 NEW WING,岩手県,盛岡,盛岡,stage-144,144,トーサイクラシックホール岩手 大ホール,3,stage
433,stage-145-1,ダイワロイネットホテル青森,青森県,青森,青森,stage-145,145,リンクステーションホール青森,1,stage
434,stage-145-2,ホテルJALシティ青森,青森県,青森,青森,stage-145,145,リンクステーションホール青森,2,stage
435,stage-145-3,リッチモンドホテル青森,青森県,青森,青森,stage-145,145,リンクステーションホール青森,3,stage
436,stage-146-1,ダイワロイネットホテル山形駅前,山形県,山形,山形,stage-146,146,やまぎん県民ホール 大ホール,1,stage
437,stage-146-2,ホテルメトロポリタン山形,山形県,山形,山形,stage-146,146,やまぎん県民ホール 大ホール,2,stage
438,stage-146-3,コンフォートホテル山形,山形県,山形,山形,stage-146,146,やまぎん県民ホール 大ホール,3,stage
439,stage-147-1,ホテルフォルクローロ高畠,山形県,南陽・赤湯,高畠,stage-147,147,シェルターなんようホール 大ホール,1,stage
440,stage-147-2,ホテルモントビュー米沢,山形県,南陽・赤湯,米沢,stage-147,147,シェルターなんようホール 大ホール,2,stage
441,stage-147-3,東横INN米沢駅前,山形県,南陽・赤湯,米沢,stage-147,147,シェルターなんようホール 大ホール,3,stage
442,stage-148-1,ホテル日航新潟,新潟県,新潟・白山,新潟,stage-148,148,新潟県民会館 大ホール,1,stage
443,stage-148-2,アパホテル&リゾート〈新潟駅前大通〉,新潟県,新潟・白山,新潟,stage-148,148,新潟県民会館 大ホール,2,stage
444,stage-148-3,JR東日本ホテルメッツ 新潟,新潟県,新潟・白山,新潟,stage-148,148,新潟県民会館 大ホール,3,stage
445,stage-149-1,ホテル日航新潟,新潟県,新潟・白山,新潟,stage-149,149,りゅーとぴあ 新潟市民芸術文化会館 劇場,1,stage
446,stage-149-2,アパホテル&リゾート〈新潟駅前大通〉,新潟県,新潟・白山,新潟,stage-149,149,りゅーとぴあ 新潟市民芸術文化会館 劇場,2,stage
447,stage-149-3,JR東日本ホテルメッツ 新潟,新潟県,新潟・白山,新潟,stage-149,149,りゅーとぴあ 新潟市民芸術文化会館 劇場,3,stage
448,stage-150-1,ホテル日航新潟,新潟県,新潟・鐘木,新潟,stage-150,150,新潟テルサ,1,stage
449,stage-150-2,アパホテル&リゾート〈新潟駅前大通〉,新潟県,新潟・鐘木,新潟,stage-150,150,新潟テルサ,2,stage
450,stage-150-3,JR東日本ホテルメッツ 新潟,新潟県,新潟・鐘木,新潟,stage-150,150,新潟テルサ,3,stage
451,stage-151-1,ホテルニューオータニ長岡,新潟県,長岡,長岡,stage-151,151,長岡市立劇場 大ホール,1,stage
452,stage-151-2,JR東日本ホテルメッツ 長岡,新潟県,長岡,長岡,stage-151,151,長岡市立劇場 大ホール,2,stage
453,stage-151-3,ホテル法華クラブ新潟長岡,新潟県,長岡,長岡,stage-151,151,長岡市立劇場 大ホール,3,stage
454,stage-152-1,ダイワロイネットホテル富山駅前,富山県,富山,富山,stage-152,152,オーバード・ホール 大ホール,1,stage
455,stage-152-2,ホテルJALシティ富山,富山県,富山,富山,stage-152,152,オーバード・ホール 大ホール,2,stage
456,stage-152-3,富山エクセルホテル東急,富山県,富山,富山,stage-152,152,オーバード・ホール 大ホール,3,stage
457,stage-153-1,ダイワロイネットホテル富山駅前,富山県,富山,富山,stage-153,153,オーバード・ホール 中ホール,1,stage
458,stage-153-2,ホテルJALシティ富山,富山県,富山,富山,stage-153,153,オーバード・ホール 中ホール,2,stage
459,stage-153-3,富山エクセルホテル東急,富山県,富山,富山,stage-153,153,オーバード・ホール 中ホール,3,stage
460,stage-154-1,ダイワロイネットホテル富山駅前,富山県,富山,富山,stage-154,154,富山県民会館 ホール,1,stage
461,stage-154-2,ホテルJALシティ富山,富山県,富山,富山,stage-154,154,富山県民会館 ホール,2,stage
462,stage-154-3,富山エクセルホテル東急,富山県,富山,富山,stage-154,154,富山県民会館 ホール,3,stage
463,stage-155-1,ホテルフォルツァ金沢,石川県,金沢・兼六園,金沢,stage-155,155,本多の森 北電ホール,1,stage
464,stage-155-2,三井ガーデンホテル金沢,石川県,金沢・兼六園,金沢,stage-155,155,本多の森 北電ホール,2,stage
465,stage-155-3,東急ステイ金沢,石川県,金沢・兼六園,金沢,stage-155,155,本多の森 北電ホール,3,stage
466,stage-156-1,ホテルフォルツァ金沢,石川県,金沢・香林坊,金沢,stage-156,156,金沢歌劇座,1,stage
467,stage-156-2,三井ガーデンホテル金沢,石川県,金沢・香林坊,金沢,stage-156,156,金沢歌劇座,2,stage
468,stage-156-3,東急ステイ金沢,石川県,金沢・香林坊,金沢,stage-156,156,金沢歌劇座,3,stage
469,stage-157-1,ホテルフォルツァ金沢,石川県,金沢・香林坊,金沢,stage-157,157,北國新聞赤羽ホール,1,stage
470,stage-157-2,三井ガーデンホテル金沢,石川県,金沢・香林坊,金沢,stage-157,157,北國新聞赤羽ホール,2,stage
471,stage-157-3,東急ステイ金沢,石川県,金沢・香林坊,金沢,stage-157,157,北國新聞赤羽ホール,3,stage
472,stage-158-1,コートヤード・バイ・マリオット福井,福井県,福井,福井,stage-158,158,フェニックス・プラザ エルピス大ホール,1,stage
473,stage-158-2,ホテルフジタ福井,福井県,福井,福井,stage-158,158,フェニックス・プラザ エルピス大ホール,2,stage
474,stage-158-3,ドーミーインPREMIUM福井,福井県,福井,福井,stage-158,158,フェニックス・プラザ エルピス大ホール,3,stage
475,stage-159-1,コートヤード・バイ・マリオット福井,福井県,福井,福井,stage-159,159,福井県立音楽堂 ハーモニーホールふくい 大ホール,1,stage
476,stage-159-2,ホテルフジタ福井,福井県,福井,福井,stage-159,159,福井県立音楽堂 ハーモニーホールふくい 大ホール,2,stage
477,stage-159-3,ドーミーインPREMIUM福井,福井県,福井,福井,stage-159,159,福井県立音楽堂 ハーモニーホールふくい 大ホール,3,stage
478,stage-160-1,天然温泉 勝運の湯 ドーミーイン甲府丸の内,山梨県,甲府,甲府,stage-160,160,YCC県民文化ホール 大ホール,1,stage
479,stage-160-2,東横INN甲府駅南口2,山梨県,甲府,甲府,stage-160,160,YCC県民文化ホール 大ホール,2,stage
480,stage-160-3,古名屋ホテル,山梨県,甲府,甲府,stage-160,160,YCC県民文化ホール 大ホール,3,stage
481,stage-161-1,河口湖ホテル,山梨県,河口湖,河口湖,stage-161,161,河口湖ステラシアター,1,stage
482,stage-161-2,東横INN富士河口湖大橋,山梨県,河口湖,河口湖,stage-161,161,河口湖ステラシアター,2,stage
483,stage-161-3,ホテルルートイン河口湖,山梨県,河口湖,河口湖,stage-161,161,河口湖ステラシアター,3,stage
484,stage-162-1,いろはグランホテル松本駅前,長野県,松本,松本,stage-162,162,キッセイ文化ホール 大ホール,1,stage
485,stage-162-2,リッチモンドホテル松本,長野県,松本,松本,stage-162,162,キッセイ文化ホール 大ホール,2,stage
486,stage-162-3,プレミアホテル-CABIN-松本,長野県,松本,松本,stage-162,162,キッセイ文化ホール 大ホール,3,stage
487,stage-163-1,いろはグランホテル松本駅前,長野県,松本,松本,stage-163,163,まつもと市民芸術館 主ホール,1,stage
488,stage-163-2,リッチモンドホテル松本,長野県,松本,松本,stage-163,163,まつもと市民芸術館 主ホール,2,stage
489,stage-163-3,プレミアホテル-CABIN-松本,長野県,松本,松本,stage-163,163,まつもと市民芸術館 主ホール,3,stage
490,stage-164-1,ホテルメトロポリタン長野,長野県,長野,長野,stage-164,164,ホクト文化ホール 大ホール,1,stage
491,stage-164-2,長野東急REIホテル,長野県,長野,長野,stage-164,164,ホクト文化ホール 大ホール,2,stage
492,stage-164-3,チサングランド長野,長野県,長野,長野,stage-164,164,ホクト文化ホール 大ホール,3,stage
493,stage-165-1,西鉄ホテル クルーム名古屋,愛知県,栄,久屋大通,stage-165,165,愛知県芸術劇場 大ホール,1,stage
494,stage-165-2,ベッセルイン栄駅前,愛知県,栄,栄,stage-165,165,愛知県芸術劇場 大ホール,2,stage
495,stage-165-3,ホテルマイステイズ名古屋錦,愛知県,栄,栄,stage-165,165,愛知県芸術劇場 大ホール,3,stage
496,stage-166-1,リッチモンドホテル名古屋納屋橋,愛知県,伏見,伏見,stage-166,166,御園座,1,stage
497,stage-166-2,ホテルJALシティ名古屋 錦,愛知県,伏見,伏見,stage-166,166,御園座,2,stage
498,stage-166-3,名古屋クラウンホテル,愛知県,伏見,伏見,stage-166,166,御園座,3,stage
499,stage-167-1,西鉄ホテル クルーム名古屋,愛知県,栄,久屋大通,stage-167,167,中日ホール,1,stage
500,stage-167-2,ベッセルイン栄駅前,愛知県,栄,栄,stage-167,167,中日ホール,2,stage
501,stage-167-3,ホテルマイステイズ名古屋錦,愛知県,栄,栄,stage-167,167,中日ホール,3,stage
502,stage-168-1,名古屋笠寺ホテル,愛知県,港区役所・東海通,笠寺,stage-168,168,COMTEC PORTBASE,1,stage
503,stage-168-2,コンフォートホテル名古屋金山,愛知県,港区役所・東海通,金山,stage-168,168,COMTEC PORTBASE,2,stage
504,stage-168-3,名鉄イン名古屋金山,愛知県,港区役所・東海通,金山,stage-168,168,COMTEC PORTBASE,3,stage
505,stage-169-1,ANAクラウンプラザホテルグランコート名古屋,愛知県,金山,金山,stage-169,169,Niterra日本特殊陶業市民会館 フォレストホール,1,stage
506,stage-169-2,コンフォートホテル名古屋金山,愛知県,金山,金山,stage-169,169,Niterra日本特殊陶業市民会館 フォレストホール,2,stage
507,stage-169-3,名鉄イン名古屋金山,愛知県,金山,金山,stage-169,169,Niterra日本特殊陶業市民会館 フォレストホール,3,stage
508,stage-170-1,西鉄ホテル クルーム名古屋,愛知県,鶴舞・栄,久屋大通,stage-170,170,岡谷鋼機名古屋公会堂 大ホール,1,stage
509,stage-170-2,ベッセルイン栄駅前,愛知県,鶴舞・栄,栄,stage-170,170,岡谷鋼機名古屋公会堂 大ホール,2,stage
510,stage-170-3,ホテルマイステイズ名古屋錦,愛知県,鶴舞・栄,栄,stage-170,170,岡谷鋼機名古屋公会堂 大ホール,3,stage
511,stage-171-1,西鉄ホテル クルーム名古屋,愛知県,矢場町・栄,久屋大通,stage-171,171,名古屋市青少年文化センター アートピアホール,1,stage
512,stage-171-2,ベッセルイン栄駅前,愛知県,矢場町・栄,栄,stage-171,171,名古屋市青少年文化センター アートピアホール,2,stage
513,stage-171-3,ホテルマイステイズ名古屋錦,愛知県,矢場町・栄,栄,stage-171,171,名古屋市青少年文化センター アートピアホール,3,stage
514,stage-172-1,ホテルメルパルク名古屋,愛知県,千種,千種,stage-172,172,メニコン シアターAoi,1,stage
515,stage-172-2,ホテルルートイン名古屋今池駅前,愛知県,千種,今池,stage-172,172,メニコン シアターAoi,2,stage
516,stage-172-3,ホテルルブラ王山,愛知県,千種,池下,stage-172,172,メニコン シアターAoi,3,stage
517,stage-173-1,ホテルアソシア豊橋,愛知県,豊橋,豊橋,stage-173,173,穂の国とよはし芸術劇場PLAT 主ホール,1,stage
518,stage-173-2,コンフォートホテル豊橋,愛知県,豊橋,豊橋,stage-173,173,穂の国とよはし芸術劇場PLAT 主ホール,2,stage
519,stage-173-3,東横INN豊橋駅東口,愛知県,豊橋,豊橋,stage-173,173,穂の国とよはし芸術劇場PLAT 主ホール,3,stage
520,stage-174-1,ホテルアソシア豊橋,愛知県,豊橋,豊橋,stage-174,174,アイプラザ豊橋 講堂,1,stage
521,stage-174-2,コンフォートホテル豊橋,愛知県,豊橋,豊橋,stage-174,174,アイプラザ豊橋 講堂,2,stage
522,stage-174-3,東横INN豊橋駅東口,愛知県,豊橋,豊橋,stage-174,174,アイプラザ豊橋 講堂,3,stage
523,stage-175-1,名鉄イン刈谷,愛知県,刈谷,刈谷,stage-175,175,刈谷市総合文化センター アイリス 大ホール,1,stage
524,stage-175-2,コンフォートホテル刈谷,愛知県,刈谷,刈谷,stage-175,175,刈谷市総合文化センター アイリス 大ホール,2,stage
525,stage-175-3,アクセスイン刈谷,愛知県,刈谷,刈谷,stage-175,175,刈谷市総合文化センター アイリス 大ホール,3,stage
526,stage-176-1,ザ・カトーホテル,愛知県,太田川,太田川,stage-176,176,東海市芸術劇場 大ホール,1,stage
527,stage-176-2,ルートイングランティア東海 Spa & Relaxation,愛知県,太田川,太田川,stage-176,176,東海市芸術劇場 大ホール,2,stage
528,stage-176-3,東海シティホテル,愛知県,太田川,太田川,stage-176,176,東海市芸術劇場 大ホール,3,stage
529,stage-177-1,ダイワロイネットホテル名古屋太閤通口,愛知県,名古屋・ささしまライブ,名古屋,stage-177,177,Zepp Nagoya,1,stage
530,stage-177-2,ヴィアイン名古屋新幹線口,愛知県,名古屋・ささしまライブ,名古屋,stage-177,177,Zepp Nagoya,2,stage
531,stage-177-3,名鉄イン名古屋駅前,愛知県,名古屋・ささしまライブ,名古屋,stage-177,177,Zepp Nagoya,3,stage
532,stage-178-1,ダイワロイネットホテル岐阜,岐阜県,岐阜,岐阜,stage-178,178,長良川国際会議場 メインホール,1,stage
533,stage-178-2,ホテルリソル岐阜,岐阜県,岐阜,岐阜,stage-178,178,長良川国際会議場 メインホール,2,stage
534,stage-178-3,ドーミーイン岐阜駅前,岐阜県,岐阜,岐阜,stage-178,178,長良川国際会議場 メインホール,3,stage
535,stage-179-1,ホテルルートイン多治見インター,岐阜県,多治見,多治見,stage-179,179,バロー文化ホール 大ホール,1,stage
536,stage-179-2,オースタット国際ホテル多治見,岐阜県,多治見,多治見,stage-179,179,バロー文化ホール 大ホール,2,stage
537,stage-179-3,ホテル多治見ヒルズ マイルーム店,岐阜県,多治見,多治見,stage-179,179,バロー文化ホール 大ホール,3,stage
538,stage-180-1,ホテルグリーンパーク津,三重県,津,津,stage-180,180,三重県文化会館 大ホール,1,stage
539,stage-180-2,ドーミーイン津,三重県,津,津,stage-180,180,三重県文化会館 大ホール,2,stage
540,stage-180-3,三交イン津駅前,三重県,津,津,stage-180,180,三重県文化会館 大ホール,3,stage
541,stage-181-1,都ホテル 四日市,三重県,四日市,近鉄四日市,stage-181,181,四日市市文化会館 第1ホール,1,stage
542,stage-181-2,三交イン四日市駅前,三重県,四日市,近鉄四日市,stage-181,181,四日市市文化会館 第1ホール,2,stage
543,stage-181-3,コンフォートホテル四日市,三重県,四日市,近鉄四日市,stage-181,181,四日市市文化会館 第1ホール,3,stage
544,stage-182-1,ホテルクエスト清水,静岡県,清水,清水,stage-182,182,静岡市清水文化会館マリナート 大ホール,1,stage
545,stage-182-2,東横INN静岡清水駅前,静岡県,清水,清水,stage-182,182,静岡市清水文化会館マリナート 大ホール,2,stage
546,stage-182-3,シーグランデ清水ステーションホテル,静岡県,清水,清水,stage-182,182,静岡市清水文化会館マリナート 大ホール,3,stage
547,stage-183-1,オークラアクトシティホテル浜松,静岡県,浜松,浜松,stage-183,183,アクトシティ浜松 大ホール,1,stage
548,stage-183-2,ダイワロイネットホテル浜松,静岡県,浜松,浜松,stage-183,183,アクトシティ浜松 大ホール,2,stage
549,stage-183-3,コンフォートホテル浜松,静岡県,浜松,浜松,stage-183,183,アクトシティ浜松 大ホール,3,stage
550,stage-184-1,富士山三島東急ホテル,静岡県,三島,三島,stage-184,184,三島市民文化会館 ゆうゆうホール 大ホール,1,stage
551,stage-184-2,ドーミーイン三島,静岡県,三島,三島,stage-184,184,三島市民文化会館 ゆうゆうホール 大ホール,2,stage
552,stage-184-3,東横INN富士山三島駅,静岡県,三島,三島,stage-184,184,三島市民文化会館 ゆうゆうホール 大ホール,3,stage
553,stage-185-1,ダイワロイネットホテルぬまづ,静岡県,沼津,沼津,stage-185,185,沼津市民文化センター 大ホール,1,stage
554,stage-185-2,ホテルミワ,静岡県,沼津,沼津,stage-185,185,沼津市民文化センター 大ホール,2,stage
555,stage-185-3,ココチホテル沼津,静岡県,沼津,沼津,stage-185,185,沼津市民文化センター 大ホール,3,stage
556,stage-186-1,ホテル西村,静岡県,富士,富士,stage-186,186,富士市文化会館ロゼシアター 大ホール,1,stage
557,stage-186-2,くれたけイン富士山,静岡県,富士,富士,stage-186,186,富士市文化会館ロゼシアター 大ホール,2,stage
558,stage-186-3,ホテルルートイン富士中央公園東,静岡県,富士,富士,stage-186,186,富士市文化会館ロゼシアター 大ホール,3,stage
559,stage-187-1,ホテル阪急レスパイア大阪,大阪府,梅田,大阪・梅田,stage-187,187,梅田芸術劇場 メインホール,1,stage
560,stage-187-2,ホテルインターゲート大阪 梅田,大阪府,梅田,大阪・梅田,stage-187,187,梅田芸術劇場 メインホール,2,stage
561,stage-187-3,アパホテル&リゾート〈大阪梅田駅タワー〉,大阪府,梅田,梅田,stage-187,187,梅田芸術劇場 メインホール,3,stage
562,stage-188-1,ホテル阪急レスパイア大阪,大阪府,梅田,大阪・梅田,stage-188,188,梅田芸術劇場 シアター・ドラマシティ,1,stage
563,stage-188-2,ホテルインターゲート大阪 梅田,大阪府,梅田,大阪・梅田,stage-188,188,梅田芸術劇場 シアター・ドラマシティ,2,stage
564,stage-188-3,アパホテル&リゾート〈大阪梅田駅タワー〉,大阪府,梅田,梅田,stage-188,188,梅田芸術劇場 シアター・ドラマシティ,3,stage
565,stage-189-1,ホテル阪急レスパイア大阪,大阪府,大阪駅・梅田,大阪・梅田,stage-189,189,SkyシアターMBS,1,stage
566,stage-189-2,ホテルインターゲート大阪 梅田,大阪府,大阪駅・梅田,大阪・梅田,stage-189,189,SkyシアターMBS,2,stage
567,stage-189-3,アパホテル&リゾート〈大阪梅田駅タワー〉,大阪府,大阪駅・梅田,梅田,stage-189,189,SkyシアターMBS,3,stage
568,stage-190-1,ホテル京阪 天満橋駅前,大阪府,森ノ宮・大阪城公園,天満橋,stage-190,190,COOL JAPAN PARK OSAKA WWホール,1,stage
569,stage-190-2,アパホテル〈大阪谷町四丁目駅前〉,大阪府,森ノ宮・大阪城公園,谷町四丁目,stage-190,190,COOL JAPAN PARK OSAKA WWホール,2,stage
570,stage-190-3,ホテル・ザ・ルーテル,大阪府,森ノ宮・大阪城公園,谷町四丁目,stage-190,190,COOL JAPAN PARK OSAKA WWホール,3,stage
571,stage-191-1,ホテル京阪 天満橋駅前,大阪府,森ノ宮・大阪城公園,天満橋,stage-191,191,COOL JAPAN PARK OSAKA TTホール,1,stage
572,stage-191-2,アパホテル〈大阪谷町四丁目駅前〉,大阪府,森ノ宮・大阪城公園,谷町四丁目,stage-191,191,COOL JAPAN PARK OSAKA TTホール,2,stage
573,stage-191-3,ホテル・ザ・ルーテル,大阪府,森ノ宮・大阪城公園,谷町四丁目,stage-191,191,COOL JAPAN PARK OSAKA TTホール,3,stage
574,stage-192-1,ホテル京阪 天満橋駅前,大阪府,森ノ宮・大阪城公園,天満橋,stage-192,192,COOL JAPAN PARK OSAKA SSホール,1,stage
575,stage-192-2,アパホテル〈大阪谷町四丁目駅前〉,大阪府,森ノ宮・大阪城公園,谷町四丁目,stage-192,192,COOL JAPAN PARK OSAKA SSホール,2,stage
576,stage-192-3,ホテル・ザ・ルーテル,大阪府,森ノ宮・大阪城公園,谷町四丁目,stage-192,192,COOL JAPAN PARK OSAKA SSホール,3,stage
577,stage-193-1,都シティ 大阪天王寺,大阪府,大阪上本町・谷町九丁目,天王寺,stage-193,193,新歌舞伎座,1,stage
578,stage-193-2,ヴィアインあべの天王寺,大阪府,大阪上本町・谷町九丁目,天王寺,stage-193,193,新歌舞伎座,2,stage
579,stage-193-3,アパホテル〈天王寺駅前〉,大阪府,大阪上本町・谷町九丁目,天王寺,stage-193,193,新歌舞伎座,3,stage
580,stage-194-1,相鉄フレッサイン 大阪なんば駅前,大阪府,なんば・道頓堀,なんば,stage-194,194,大阪松竹座,1,stage
581,stage-194-2,ホテルグレイスリー大阪なんば,大阪府,なんば・道頓堀,なんば,stage-194,194,大阪松竹座,2,stage
582,stage-194-3,アパホテル〈なんば駅東〉,大阪府,なんば・道頓堀,なんば,stage-194,194,大阪松竹座,3,stage
583,stage-195-1,ヴィアインプライム心斎橋四ツ橋,大阪府,本町・四ツ橋,四ツ橋,stage-195,195,オリックス劇場,1,stage
584,stage-195-2,ハートンホテル心斎橋,大阪府,本町・四ツ橋,心斎橋,stage-195,195,オリックス劇場,2,stage
585,stage-195-3,ホテルマイステイズ心斎橋,大阪府,本町・四ツ橋,心斎橋,stage-195,195,オリックス劇場,3,stage
586,stage-196-1,ホテル阪急レスパイア大阪,大阪府,西梅田,大阪・梅田,stage-196,196,サンケイホールブリーゼ,1,stage
587,stage-196-2,ホテルインターゲート大阪 梅田,大阪府,西梅田,大阪・梅田,stage-196,196,サンケイホールブリーゼ,2,stage
588,stage-196-3,アパホテル&リゾート〈大阪梅田駅タワー〉,大阪府,西梅田,梅田,stage-196,196,サンケイホールブリーゼ,3,stage
589,stage-197-1,都シティ 大阪天王寺,大阪府,天王寺・阿倍野,天王寺,stage-197,197,近鉄アート館,1,stage
590,stage-197-2,ヴィアインあべの天王寺,大阪府,天王寺・阿倍野,天王寺,stage-197,197,近鉄アート館,2,stage
591,stage-197-3,アパホテル〈天王寺駅前〉,大阪府,天王寺・阿倍野,天王寺,stage-197,197,近鉄アート館,3,stage
592,stage-198-1,ホテル京阪 天満橋駅前,大阪府,森ノ宮,天満橋,stage-198,198,森ノ宮ピロティホール,1,stage
593,stage-198-2,アパホテル〈大阪谷町四丁目駅前〉,大阪府,森ノ宮,谷町四丁目,stage-198,198,森ノ宮ピロティホール,2,stage
594,stage-198-3,ホテル・ザ・ルーテル,大阪府,森ノ宮,谷町四丁目,stage-198,198,森ノ宮ピロティホール,3,stage
595,stage-199-1,ホテル京阪 天満橋駅前,大阪府,谷町四丁目,天満橋,stage-199,199,NHK大阪ホール,1,stage
596,stage-199-2,アパホテル〈大阪谷町四丁目駅前〉,大阪府,谷町四丁目,谷町四丁目,stage-199,199,NHK大阪ホール,2,stage
597,stage-199-3,ホテル・ザ・ルーテル,大阪府,谷町四丁目,谷町四丁目,stage-199,199,NHK大阪ホール,3,stage
598,stage-200-1,ホテル京阪 天満橋駅前,大阪府,大阪ビジネスパーク,天満橋,stage-200,200,松下IMPホール,1,stage
599,stage-200-2,アパホテル〈大阪谷町四丁目駅前〉,大阪府,大阪ビジネスパーク,谷町四丁目,stage-200,200,松下IMPホール,2,stage
600,stage-200-3,ホテル・ザ・ルーテル,大阪府,大阪ビジネスパーク,谷町四丁目,stage-200,200,松下IMPホール,3,stage
601,stage-201-1,ホテル阪急レスパイア大阪,大阪府,梅田,大阪・梅田,stage-201,201,HEP HALL,1,stage
602,stage-201-2,ホテルインターゲート大阪 梅田,大阪府,梅田,大阪・梅田,stage-201,201,HEP HALL,2,stage
603,stage-201-3,アパホテル&リゾート〈大阪梅田駅タワー〉,大阪府,梅田,梅田,stage-201,201,HEP HALL,3,stage
604,stage-202-1,相鉄フレッサイン 大阪なんば駅前,大阪府,なんば,なんば,stage-202,202,YES THEATER,1,stage
605,stage-202-2,ホテルグレイスリー大阪なんば,大阪府,なんば,なんば,stage-202,202,YES THEATER,2,stage
606,stage-202-3,アパホテル〈なんば駅東〉,大阪府,なんば,なんば,stage-202,202,YES THEATER,3,stage
607,stage-203-1,ホテル アゴーラ リージェンシー 大阪堺,大阪府,堺,堺,stage-203,203,堺市民芸術文化ホール フェニーチェ堺 大ホール,1,stage
608,stage-203-2,ダイワロイネットホテル大阪堺東,大阪府,堺,堺東,stage-203,203,堺市民芸術文化ホール フェニーチェ堺 大ホール,2,stage
609,stage-203-3,コンフォートホテル堺,大阪府,堺,堺,stage-203,203,堺市民芸術文化ホール フェニーチェ堺 大ホール,3,stage
610,stage-204-1,ホテルアベストグランデ高槻,大阪府,高槻,高槻,stage-204,204,高槻城公園芸術文化劇場 南館 トリシマホール,1,stage
611,stage-204-2,高槻W&Mホテル,大阪府,高槻,高槻市,stage-204,204,高槻城公園芸術文化劇場 南館 トリシマホール,2,stage
612,stage-204-3,ワークホテルアネックス天神の湯,大阪府,高槻,高槻,stage-204,204,高槻城公園芸術文化劇場 南館 トリシマホール,3,stage
613,stage-205-1,大江戸温泉物語 箕面観光ホテル,大阪府,箕面船場阪大前,箕面,stage-205,205,東京建物 Brillia HALL 箕面 大ホール,1,stage
614,stage-205-2,新大阪江坂東急REIホテル,大阪府,箕面船場阪大前,江坂,stage-205,205,東京建物 Brillia HALL 箕面 大ホール,2,stage
615,stage-205-3,サニーストンホテル,大阪府,箕面船場阪大前,江坂,stage-205,205,東京建物 Brillia HALL 箕面 大ホール,3,stage
616,stage-206-1,リッチモンドホテル東大阪,大阪府,八戸ノ里,長田,stage-206,206,東大阪市文化創造館 Dream House 大ホール,1,stage
617,stage-206-2,ホテルウィングインターナショナルセレクト東大阪,大阪府,八戸ノ里,長田,stage-206,206,東大阪市文化創造館 Dream House 大ホール,2,stage
618,stage-206-3,U・コミュニティホテル,大阪府,八戸ノ里,河内小阪,stage-206,206,東大阪市文化創造館 Dream House 大ホール,3,stage
619,stage-207-1,ホテルA.P,大阪府,曽根・豊中,大阪空港・蛍池,stage-207,207,豊中市立文化芸術センター 大ホール,1,stage
620,stage-207-2,東横INN大阪伊丹空港,大阪府,曽根・豊中,大阪空港,stage-207,207,豊中市立文化芸術センター 大ホール,2,stage
621,stage-207-3,グリーンリッチホテル大阪空港前,大阪府,曽根・豊中,大阪空港,stage-207,207,豊中市立文化芸術センター 大ホール,3,stage
622,stage-208-1,ラ・ジェント・ホテル大阪ベイ,大阪府,桜島・ユニバーサルシティ,桜島,stage-208,208,Zepp Osaka Bayside,1,stage
623,stage-208-2,ザ シンギュラリ ホテル&スカイスパ アット ユニバーサル・スタジオ・ジャパン,大阪府,桜島・ユニバーサルシティ,ユニバーサルシティ,stage-208,208,Zepp Osaka Bayside,2,stage
624,stage-208-3,ホテル京阪 ユニバーサル・タワー,大阪府,桜島・ユニバーサルシティ,ユニバーサルシティ,stage-208,208,Zepp Osaka Bayside,3,stage
625,stage-209-1,ANAクラウンプラザホテル神戸,兵庫県,新神戸,新神戸,stage-209,209,AiiA 2.5 Theater Kobe,1,stage
626,stage-209-2,ホテルピエナ神戸,兵庫県,新神戸,三宮・新神戸,stage-209,209,AiiA 2.5 Theater Kobe,2,stage
627,stage-209-3,神戸北野ホテル,兵庫県,新神戸,北野・三宮,stage-209,209,AiiA 2.5 Theater Kobe,3,stage
628,stage-210-1,神戸ルミナスホテル三宮,兵庫県,三宮,三宮,stage-210,210,神戸国際会館こくさいホール,1,stage
629,stage-210-2,ダイワロイネットホテル神戸三宮 PREMIER,兵庫県,三宮,三宮,stage-210,210,神戸国際会館こくさいホール,2,stage
630,stage-210-3,コンフォートホテルERA神戸三宮,兵庫県,三宮,三宮,stage-210,210,神戸国際会館こくさいホール,3,stage
631,stage-211-1,ホテルヒューイット甲子園,兵庫県,西宮北口,甲子園,stage-211,211,兵庫県立芸術文化センター 阪急 中ホール,1,stage
632,stage-211-2,ホテル甲子園,兵庫県,西宮北口,甲子園,stage-211,211,兵庫県立芸術文化センター 阪急 中ホール,2,stage
633,stage-211-3,都ホテル 尼崎,兵庫県,西宮北口,尼崎,stage-211,211,兵庫県立芸術文化センター 阪急 中ホール,3,stage
634,stage-212-1,神戸ホテルジュラク,兵庫県,大倉山・神戸,神戸,stage-212,212,神戸文化ホール 大ホール,1,stage
635,stage-212-2,センチュリオンホテル グランド神戸駅前,兵庫県,大倉山・神戸,神戸,stage-212,212,神戸文化ホール 大ホール,2,stage
636,stage-212-3,神戸シティガーデンズホテル,兵庫県,大倉山・神戸,神戸,stage-212,212,神戸文化ホール 大ホール,3,stage
637,stage-213-1,神戸ルミナスホテル三宮,兵庫県,旧居留地・三宮,三宮,stage-213,213,神戸朝日ホール,1,stage
638,stage-213-2,ダイワロイネットホテル神戸三宮 PREMIER,兵庫県,旧居留地・三宮,三宮,stage-213,213,神戸朝日ホール,2,stage
639,stage-213-3,コンフォートホテルERA神戸三宮,兵庫県,旧居留地・三宮,三宮,stage-213,213,神戸朝日ホール,3,stage
640,stage-214-1,ホテルモントレ姫路,兵庫県,姫路,姫路,stage-214,214,アクリエひめじ 大ホール,1,stage
641,stage-214-2,ダイワロイネットホテル姫路,兵庫県,姫路,姫路,stage-214,214,アクリエひめじ 大ホール,2,stage
642,stage-214-3,リッチモンドホテル姫路,兵庫県,姫路,姫路,stage-214,214,アクリエひめじ 大ホール,3,stage
643,stage-215-1,都ホテル 尼崎,兵庫県,尼崎,尼崎,stage-215,215,あましんアルカイックホール,1,stage
644,stage-215-2,ホテルヴィスキオ尼崎,兵庫県,尼崎,尼崎,stage-215,215,あましんアルカイックホール,2,stage
645,stage-215-3,尼崎プラザホテル 阪神尼崎,兵庫県,尼崎,尼崎,stage-215,215,あましんアルカイックホール,3,stage
646,stage-216-1,ホテルウィングインターナショナルプレミアム京都三条,京都府,岡崎・東山,三条・東山,stage-216,216,ロームシアター京都 メインホール,1,stage
647,stage-216-2,ホテルマテリアル,京都府,岡崎・東山,東山,stage-216,216,ロームシアター京都 メインホール,2,stage
648,stage-216-3,ウェスティン都ホテル京都,京都府,岡崎・東山,蹴上,stage-216,216,ロームシアター京都 メインホール,3,stage
649,stage-217-1,ホテルウィングインターナショナルプレミアム京都三条,京都府,岡崎・東山,三条・東山,stage-217,217,ロームシアター京都 サウスホール,1,stage
650,stage-217-2,ホテルマテリアル,京都府,岡崎・東山,東山,stage-217,217,ロームシアター京都 サウスホール,2,stage
651,stage-217-3,ウェスティン都ホテル京都,京都府,岡崎・東山,蹴上,stage-217,217,ロームシアター京都 サウスホール,3,stage
652,stage-218-1,都ホテル 京都八条,京都府,京都駅,京都,stage-218,218,京都劇場,1,stage
653,stage-218-2,ダイワロイネットホテル京都テラス八条 PREMIER,京都府,京都駅,京都,stage-218,218,京都劇場,2,stage
654,stage-218-3,ヴィアインプライム京都駅八条口,京都府,京都駅,京都,stage-218,218,京都劇場,3,stage
655,stage-219-1,ホテルミュッセ京都四条河原町名鉄,京都府,祇園四条,河原町,stage-219,219,南座,1,stage
656,stage-219-2,京都セントラルイン,京都府,祇園四条,河原町,stage-219,219,南座,2,stage
657,stage-219-3,ホテルフォルツァ京都四条河原町,京都府,祇園四条,河原町,stage-219,219,南座,3,stage
658,stage-220-1,ホテル日航奈良,奈良県,奈良,奈良,stage-220,220,なら100年会館 大ホール,1,stage
659,stage-220-2,ダイワロイネットホテル奈良,奈良県,奈良,奈良,stage-220,220,なら100年会館 大ホール,2,stage
660,stage-220-3,天然温泉 吉野桜の湯 御宿 野乃 奈良,奈良県,奈良,奈良,stage-220,220,なら100年会館 大ホール,3,stage
661,stage-221-1,びわ湖ホテル,滋賀県,大津・びわ湖浜大津,びわ湖浜大津,stage-221,221,滋賀県立芸術劇場 びわ湖ホール 大ホール,1,stage
662,stage-221-2,HOTEL 講 大津百町,滋賀県,大津・びわ湖浜大津,大津,stage-221,221,滋賀県立芸術劇場 びわ湖ホール 大ホール,2,stage
663,stage-221-3,東横INN京都琵琶湖大津,滋賀県,大津・びわ湖浜大津,大津,stage-221,221,滋賀県立芸術劇場 びわ湖ホール 大ホール,3,stage
664,stage-222-1,ダイワロイネットホテル和歌山,和歌山県,和歌山,和歌山,stage-222,222,和歌山県民文化会館 大ホール,1,stage
665,stage-222-2,天然温泉 紀州の湯 ドーミーインPREMIUM和歌山,和歌山県,和歌山,和歌山,stage-222,222,和歌山県民文化会館 大ホール,2,stage
666,stage-222-3,コンフォートホテル和歌山,和歌山県,和歌山,和歌山,stage-222,222,和歌山県民文化会館 大ホール,3,stage
667,stage-223-1,三井ガーデンホテル岡山,岡山県,岡山,岡山,stage-223,223,岡山芸術創造劇場 ハレノワ 大劇場,1,stage
668,stage-223-2,ダイワロイネットホテル岡山駅前,岡山県,岡山,岡山,stage-223,223,岡山芸術創造劇場 ハレノワ 大劇場,2,stage
669,stage-223-3,ホテルグランヴィア岡山,岡山県,岡山,岡山,stage-223,223,岡山芸術創造劇場 ハレノワ 大劇場,3,stage
670,stage-224-1,倉敷アイビースクエア,岡山県,倉敷,倉敷,stage-224,224,倉敷市民会館,1,stage
671,stage-224-2,ロイヤルパークホテル倉敷,岡山県,倉敷,倉敷,stage-224,224,倉敷市民会館,2,stage
672,stage-224-3,センチュリオンホテル&スパ倉敷,岡山県,倉敷,倉敷,stage-224,224,倉敷市民会館,3,stage
673,stage-225-1,三井ガーデンホテル広島,広島県,広島・中区,広島・中区,stage-225,225,広島文化学園HBGホール,1,stage
674,stage-225-2,ダイワロイネットホテル広島,広島県,広島・中区,広島・中区,stage-225,225,広島文化学園HBGホール,2,stage
675,stage-225-3,ホテルインターゲート広島,広島県,広島・中区,広島・中区,stage-225,225,広島文化学園HBGホール,3,stage
676,stage-226-1,ホテルスイート広島 白島,広島県,白島・新白島,白島,stage-226,226,上野学園ホール,1,stage
677,stage-226-2,ヴィアインプライム広島新幹線口,広島県,白島・新白島,広島,stage-226,226,上野学園ホール,2,stage
678,stage-226-3,ダイワロイネットホテル広島駅前,広島県,白島・新白島,広島,stage-226,226,上野学園ホール,3,stage
679,stage-227-1,三井ガーデンホテル広島,広島県,広島・中区,広島・中区,stage-227,227,JMSアステールプラザ 大ホール,1,stage
680,stage-227-2,ダイワロイネットホテル広島,広島県,広島・中区,広島・中区,stage-227,227,JMSアステールプラザ 大ホール,2,stage
681,stage-227-3,ホテルインターゲート広島,広島県,広島・中区,広島・中区,stage-227,227,JMSアステールプラザ 大ホール,3,stage
682,stage-228-1,呉阪急ホテル,広島県,呉,呉,stage-228,228,呉信用金庫ホール,1,stage
683,stage-228-2,コンフォートホテル呉,広島県,呉,呉,stage-228,228,呉信用金庫ホール,2,stage
684,stage-228-3,クレイトンベイホテル,広島県,呉,呉,stage-228,228,呉信用金庫ホール,3,stage
685,stage-229-1,福山ニューキャッスルホテル,広島県,福山,福山,stage-229,229,ふくやま芸術文化ホール リーデンローズ 大ホール,1,stage
686,stage-229-2,ダイワロイネットホテル福山駅前,広島県,福山,福山,stage-229,229,ふくやま芸術文化ホール リーデンローズ 大ホール,2,stage
687,stage-229-3,リッチモンドホテル福山駅前,広島県,福山,福山,stage-229,229,ふくやま芸術文化ホール リーデンローズ 大ホール,3,stage
688,stage-230-1,コンフォートホテル新山口,山口県,新山口,新山口,stage-230,230,KDDI維新ホール メインホール,1,stage
689,stage-230-2,東横INN新山口駅新幹線口,山口県,新山口,新山口,stage-230,230,KDDI維新ホール メインホール,2,stage
690,stage-230-3,ホテルアクティブ!山口,山口県,新山口,新山口,stage-230,230,KDDI維新ホール メインホール,3,stage
691,stage-231-1,松江エクセルホテル東急,島根県,松江,松江,stage-231,231,島根県民会館 大ホール,1,stage
692,stage-231-2,ドーミーインEXPRESS松江,島根県,松江,松江,stage-231,231,島根県民会館 大ホール,2,stage
693,stage-231-3,ホテルルートイン松江,島根県,松江,松江,stage-231,231,島根県民会館 大ホール,3,stage
694,stage-232-1,ANAクラウンプラザホテル米子,鳥取県,米子,米子,stage-232,232,米子コンベンションセンター BiG SHiP 多目的ホール,1,stage
695,stage-232-2,グリーンリッチホテル米子駅前,鳥取県,米子,米子,stage-232,232,米子コンベンションセンター BiG SHiP 多目的ホール,2,stage
696,stage-232-3,東横INN米子駅前,鳥取県,米子,米子,stage-232,232,米子コンベンションセンター BiG SHiP 多目的ホール,3,stage
697,stage-233-1,JRホテルクレメント高松,香川県,高松,高松,stage-233,233,レクザムホール 大ホール,1,stage
698,stage-233-2,ダイワロイネットホテル高松,香川県,高松,高松,stage-233,233,レクザムホール 大ホール,2,stage
699,stage-233-3,コンフォートホテル高松,香川県,高松,高松,stage-233,233,レクザムホール 大ホール,3,stage
700,stage-234-1,JRホテルクレメント徳島,徳島県,徳島,徳島,stage-234,234,あわぎんホール,1,stage
701,stage-234-2,ダイワロイネットホテル徳島駅前,徳島県,徳島,徳島,stage-234,234,あわぎんホール,2,stage
702,stage-234-3,スマイルホテル徳島,徳島県,徳島,徳島,stage-234,234,あわぎんホール,3,stage
703,stage-235-1,ANAクラウンプラザホテル松山,愛媛県,松山,松山,stage-235,235,愛媛県県民文化会館 メインホール,1,stage
704,stage-235-2,ダイワロイネットホテル松山,愛媛県,松山,松山,stage-235,235,愛媛県県民文化会館 メインホール,2,stage
705,stage-235-3,コンフォートホテル松山,愛媛県,松山,松山,stage-235,235,愛媛県県民文化会館 メインホール,3,stage
706,stage-236-1,ザ クラウンパレス新阪急高知,高知県,高知,高知,stage-236,236,高知県立県民文化ホール オレンジホール,1,stage
707,stage-236-2,ドーミーイン高知,高知県,高知,高知,stage-236,236,高知県立県民文化ホール オレンジホール,2,stage
708,stage-236-3,コンフォートホテル高知,高知県,高知,高知,stage-236,236,高知県立県民文化ホール オレンジホール,3,stage
709,stage-237-1,三井ガーデンホテル福岡祇園,福岡県,中洲川端,祇園,stage-237,237,博多座,1,stage
710,stage-237-2,西鉄ホテル クルーム博多祇園 櫛田神社前,福岡県,中洲川端,祇園,stage-237,237,博多座,2,stage
711,stage-237-3,ホテルリソルトリニティ博多,福岡県,中洲川端,中洲川端,stage-237,237,博多座,3,stage
712,stage-238-1,三井ガーデンホテル福岡祇園,福岡県,祇園・中洲川端,祇園,stage-238,238,キャナルシティ劇場,1,stage
713,stage-238-2,西鉄ホテル クルーム博多祇園 櫛田神社前,福岡県,祇園・中洲川端,祇園,stage-238,238,キャナルシティ劇場,2,stage
714,stage-238-3,ホテルリソルトリニティ博多,福岡県,祇園・中洲川端,中洲川端,stage-238,238,キャナルシティ劇場,3,stage
715,stage-239-1,ホテル博多プレイス,福岡県,天神・須崎公園,博多ふ頭,stage-239,239,福岡市民ホール 大ホール,1,stage
716,stage-239-2,ザ・ワンファイブマリン福岡,福岡県,天神・須崎公園,呉服町,stage-239,239,福岡市民ホール 大ホール,2,stage
717,stage-239-3,ホテルニューガイア上呉服,福岡県,天神・須崎公園,呉服町,stage-239,239,福岡市民ホール 大ホール,3,stage
718,stage-240-1,ホテル博多プレイス,福岡県,博多ふ頭,博多ふ頭,stage-240,240,福岡サンパレス ホテル&ホール コンサートホール,1,stage
719,stage-240-2,ザ・ワンファイブマリン福岡,福岡県,博多ふ頭,呉服町,stage-240,240,福岡サンパレス ホテル&ホール コンサートホール,2,stage
720,stage-240-3,ホテルニューガイア上呉服,福岡県,博多ふ頭,呉服町,stage-240,240,福岡サンパレス ホテル&ホール コンサートホール,3,stage
721,stage-241-1,JR九州ステーションホテル小倉,福岡県,小倉,小倉,stage-241,241,北九州メッセ,1,stage
722,stage-241-2,ダイワロイネットホテル小倉駅前,福岡県,小倉,小倉,stage-241,241,北九州メッセ,2,stage
723,stage-241-3,クインテッサホテル小倉 Comic & Books,福岡県,小倉,小倉,stage-241,241,北九州メッセ,3,stage
724,stage-242-1,JR九州ステーションホテル小倉,福岡県,小倉,小倉,stage-242,242,J:COM北九州芸術劇場 大ホール,1,stage
725,stage-242-2,ダイワロイネットホテル小倉駅前,福岡県,小倉,小倉,stage-242,242,J:COM北九州芸術劇場 大ホール,2,stage
726,stage-242-3,クインテッサホテル小倉 Comic & Books,福岡県,小倉,小倉,stage-242,242,J:COM北九州芸術劇場 大ホール,3,stage
727,stage-243-1,ザ・セレクトン久留米,福岡県,久留米,久留米,stage-243,243,久留米シティプラザ ザ・グランドホール,1,stage
728,stage-243-2,グリーンリッチホテル久留米,福岡県,久留米,久留米,stage-243,243,久留米シティプラザ ザ・グランドホール,2,stage
729,stage-243-3,久留米ワシントンホテルプラザ,福岡県,久留米,久留米,stage-243,243,久留米シティプラザ ザ・グランドホール,3,stage
730,stage-244-1,KOKO HOTEL Premier 熊本,熊本県,熊本・桜町,桜町,stage-244,244,熊本城ホール メインホール,1,stage
731,stage-244-2,ダイワロイネットホテル熊本銀座通り PREMIER,熊本県,熊本・桜町,熊本,stage-244,244,熊本城ホール メインホール,2,stage
732,stage-244-3,三井ガーデンホテル熊本,熊本県,熊本・桜町,熊本,stage-244,244,熊本城ホール メインホール,3,stage
733,stage-245-1,KOKO HOTEL Premier 熊本,熊本県,熊本,桜町,stage-245,245,熊本県立劇場 演劇ホール,1,stage
734,stage-245-2,ダイワロイネットホテル熊本銀座通り PREMIER,熊本県,熊本,熊本,stage-245,245,熊本県立劇場 演劇ホール,2,stage
735,stage-245-3,三井ガーデンホテル熊本,熊本県,熊本,熊本,stage-245,245,熊本県立劇場 演劇ホール,3,stage
736,stage-246-1,JR九州ホテル ブラッサム大分,大分県,大分,大分,stage-246,246,iichikoグランシアタ,1,stage
737,stage-246-2,ダイワロイネットホテル大分,大分県,大分,大分,stage-246,246,iichikoグランシアタ,2,stage
738,stage-246-3,ホテル日航大分 オアシスタワー,大分県,大分,大分,stage-246,246,iichikoグランシアタ,3,stage
739,stage-247-1,JR九州ホテル長崎,長崎県,長崎・浦上,長崎,stage-247,247,ベネックス長崎ブリックホール 大ホール,1,stage
740,stage-247-2,ホテルフォルツァ長崎,長崎県,長崎・浦上,長崎,stage-247,247,ベネックス長崎ブリックホール 大ホール,2,stage
741,stage-247-3,ドーミーインPREMIUM長崎駅前,長崎県,長崎・浦上,長崎,stage-247,247,ベネックス長崎ブリックホール 大ホール,3,stage
742,stage-248-1,JR九州ホテル宮崎,宮崎県,宮崎,宮崎,stage-248,248,メディキット県民文化センター 演劇ホール,1,stage
743,stage-248-2,コンフォートホテル宮崎,宮崎県,宮崎,宮崎,stage-248,248,メディキット県民文化センター 演劇ホール,2,stage
744,stage-248-3,ドーミーイン宮崎,宮崎県,宮崎,宮崎,stage-248,248,メディキット県民文化センター 演劇ホール,3,stage
745,stage-249-1,JR九州ホテル鹿児島,鹿児島県,鹿児島,鹿児島中央,stage-249,249,川商ホール 第1ホール,1,stage
746,stage-249-2,ソラリア西鉄ホテル鹿児島,鹿児島県,鹿児島,鹿児島中央,stage-249,249,川商ホール 第1ホール,2,stage
747,stage-249-3,ダイワロイネットホテル鹿児島天文館 PREMIER,鹿児島県,鹿児島,天文館,stage-249,249,川商ホール 第1ホール,3,stage
748,stage-250-1,ホテル コレクティブ,沖縄県,那覇・国際通り,国際通り,stage-250,250,那覇文化芸術劇場なはーと 大劇場,1,stage
749,stage-250-2,ダイワロイネットホテル那覇国際通り,沖縄県,那覇・国際通り,牧志,stage-250,250,那覇文化芸術劇場なはーと 大劇場,2,stage
750,stage-250-3,ホテルグレイスリー那覇,沖縄県,那覇・国際通り,国際通り,stage-250,250,那覇文化芸術劇場なはーと 大劇場,3,stage
