research_no,id,hotel_name,prefecture,station,jalan_url,jalan_hotel_name,verification_status,live_h1,live_title,name_similarity,prefecture_on_page,audit_status,error
9,stage-003-3,ホテルウィングインターナショナルプレミアム東京四谷,東京都,四谷三丁目,https://www.jalan.net/yad370441/,KOKO HOTEL 新宿四谷,rebranded_current_page,KOKO HOTEL 新宿四谷の施設概要,KOKO HOTEL 新宿四谷 - 宿泊予約は＜じゃらんnet＞,0.093,True,suspect,
17,stage-006-2,ホテルウィングインターナショナル後楽園,東京都,水道橋・後楽園,https://www.jalan.net/yad317436/,KOKO HOTEL 後楽園,rebranded_current_page,KOKO HOTEL 後楽園の施設概要,KOKO HOTEL 後楽園 - 宿泊予約は＜じゃらんnet＞,0.1667,True,suspect,
20,stage-007-2,ホテルウィングインターナショナル後楽園,東京都,水道橋・後楽園,https://www.jalan.net/yad317436/,KOKO HOTEL 後楽園,rebranded_current_page,KOKO HOTEL 後楽園の施設概要,KOKO HOTEL 後楽園 - 宿泊予約は＜じゃらんnet＞,0.1667,True,suspect,
25,stage-009-1,ホテル ヴィラフォンテーヌ グランド 東京有明,東京都,有明・国際展示場,https://www.jalan.net/yad379750/,ヴィラフォンテーヌ グランド 東京有明｜住友不動産,verified_fuzzy,ヴィラフォンテーヌ グランド 東京有明｜住友不動産の施設概要,ヴィラフォンテーヌ グランド 東京有明｜住友不動産 - 宿泊予約は＜じゃらんnet＞,0.7083,True,review_name,
52,stage-018-1,ホテルヴィラフォンテーヌ東京大手町,東京都,大手町・神田,https://www.jalan.net/yad365524/,ヴィラフォンテーヌ東京大手町｜住友不動産,manual_verified,ヴィラフォンテーヌ東京大手町｜住友不動産の施設概要,ヴィラフォンテーヌ東京大手町｜住友不動産 - 宿泊予約は＜じゃらんnet＞,0.6667,True,review_name,
70,stage-024-1,The OneFive Tokyo Shibuya,東京都,渋谷・原宿,https://www.jalan.net/yad375986/,ザ・ワンファイブ東京渋谷,manual_verified,ザ・ワンファイブ東京渋谷の施設概要,ザ・ワンファイブ東京渋谷 - 宿泊予約は＜じゃらんnet＞,0.0,True,suspect,
73,stage-025-1,The OneFive Tokyo Shibuya,東京都,渋谷・原宿,https://www.jalan.net/yad375986/,ザ・ワンファイブ東京渋谷,manual_verified,ザ・ワンファイブ東京渋谷の施設概要,ザ・ワンファイブ東京渋谷 - 宿泊予約は＜じゃらんnet＞,0.0,True,suspect,
124,stage-042-1,The OneFive Tokyo Shibuya,東京都,渋谷・原宿,https://www.jalan.net/yad375986/,ザ・ワンファイブ東京渋谷,manual_verified,ザ・ワンファイブ東京渋谷の施設概要,ザ・ワンファイブ東京渋谷 - 宿泊予約は＜じゃらんnet＞,0.0,True,suspect,
127,stage-043-1,The OneFive Tokyo Shibuya,東京都,渋谷・原宿,https://www.jalan.net/yad375986/,ザ・ワンファイブ東京渋谷,manual_verified,ザ・ワンファイブ東京渋谷の施設概要,ザ・ワンファイブ東京渋谷 - 宿泊予約は＜じゃらんnet＞,0.0,True,suspect,
130,stage-044-1,The OneFive Tokyo Shibuya,東京都,渋谷・原宿,https://www.jalan.net/yad375986/,ザ・ワンファイブ東京渋谷,manual_verified,ザ・ワンファイブ東京渋谷の施設概要,ザ・ワンファイブ東京渋谷 - 宿泊予約は＜じゃらんnet＞,0.0,True,suspect,
150,stage-050-3,和光市東武ホテル,東京都,和光市,https://www.jalan.net/yad370584/,和光市東武ホテル,verified,和光市東武ホテルの施設概要,和光市東武ホテル - 宿泊予約は＜じゃらんnet＞,0.97,False,suspect,
153,stage-051-3,和光市東武ホテル,東京都,和光市,https://www.jalan.net/yad370584/,和光市東武ホテル,verified,和光市東武ホテルの施設概要,和光市東武ホテル - 宿泊予約は＜じゃらんnet＞,0.97,False,suspect,
191,stage-064-2,和光市東武ホテル,東京都,和光市,https://www.jalan.net/yad370584/,和光市東武ホテル,verified,和光市東武ホテルの施設概要,和光市東武ホテル - 宿泊予約は＜じゃらんnet＞,0.97,False,suspect,
192,stage-064-3,東横INN和光市駅前,東京都,和光市,https://www.jalan.net/yad329704/,東横ＩＮＮ和光市駅前,verified,東横ＩＮＮ和光市駅前の施設概要,東横ＩＮＮ和光市駅前 - 宿泊予約は＜じゃらんnet＞,0.97,False,suspect,
194,stage-065-2,ホテルミッドイン目黒駅前,東京都,目黒,https://www.jalan.net/yad351481/,ネストホテルオルト目黒駅前,rebranded_current_page,ネストホテルオルト目黒駅前の施設概要,ネストホテルオルト目黒駅前 - 宿泊予約は＜じゃらんnet＞,0.4667,True,suspect,
201,stage-067-3,ホテルウィングインターナショナルセレクト浅草駒形,東京都,浅草・蔵前,https://www.jalan.net/yad357688/,KOKO HOTEL 浅草駒形,rebranded_current_page,KOKO HOTEL 浅草駒形の施設概要,KOKO HOTEL 浅草駒形 - 宿泊予約は＜じゃらんnet＞,0.1905,True,suspect,
204,stage-068-3,ホテルウィングインターナショナルセレクト浅草駒形,東京都,浅草・蔵前,https://www.jalan.net/yad357688/,KOKO HOTEL 浅草駒形,rebranded_current_page,KOKO HOTEL 浅草駒形の施設概要,KOKO HOTEL 浅草駒形 - 宿泊予約は＜じゃらんnet＞,0.1905,True,suspect,
253,stage-085-1,メルキュール横須賀,神奈川県,汐入,https://www.jalan.net/yad364572/,メルキュールホテル横須賀,verified_fuzzy,メルキュールホテル横須賀の施設概要,メルキュールホテル横須賀 - 宿泊予約は＜じゃらんnet＞,0.6923,True,review_name,
256,stage-086-1,メルキュール横須賀,神奈川県,汐入,https://www.jalan.net/yad364572/,メルキュールホテル横須賀,verified_fuzzy,メルキュールホテル横須賀の施設概要,メルキュールホテル横須賀 - 宿泊予約は＜じゃらんnet＞,0.6923,True,review_name,
266,stage-089-2,ホテルリソル町田,神奈川県,町田,https://www.jalan.net/yad306138/,ホテルリソル町田,verified,ホテルリソル町田の施設概要,ホテルリソル町田 - 宿泊予約は＜じゃらんnet＞,0.97,False,suspect,
267,stage-089-3,レンブラントホテル東京町田,神奈川県,町田,https://www.jalan.net/yad344307/,レンブラントホテル東京町田,verified,レンブラントホテル東京町田の施設概要,レンブラントホテル東京町田 - 宿泊予約は＜じゃらんnet＞,0.97,False,suspect,
270,stage-090-3,ホテルウィングインターナショナル相模原,神奈川県,上溝,https://www.jalan.net/yad334192/,KOKO STAY 相模原,rebranded_current_page,KOKO STAY 相模原の施設概要,KOKO STAY 相模原 - 宿泊予約は＜じゃらんnet＞,0.1714,True,suspect,
272,stage-091-2,アイホテル橋本,神奈川県,橋本,https://www.jalan.net/yad367436/,アパホテル〈相模原橋本駅東〉,rebranded_current_page,アパホテル〈相模原橋本駅東〉の施設概要,アパホテル〈相模原橋本駅東〉 - 宿泊予約は＜じゃらんnet＞,0.5,True,suspect,
283,stage-095-1,日和ホテル舞浜,千葉県,舞浜・新浦安,https://www.jalan.net/yad339506/,日和(ひより)ホテル舞浜,verified_fuzzy,日和(ひより)ホテル舞浜の施設概要,日和(ひより)ホテル舞浜 - 宿泊予約は＜じゃらんnet＞,0.6364,True,review_name,
294,stage-098-3,新松戸ステーションホテル,千葉県,新松戸,https://www.jalan.net/yad323070/,アーバンホテル東京 新松戸,rebranded_current_page,アーバンホテル東京 新松戸の施設概要,アーバンホテル東京 新松戸 - 宿泊予約は＜じゃらんnet＞,0.3448,True,suspect,
306,stage-102-3,マイステイズ新浦安コンファレンスセンター,千葉県,新浦安,https://www.jalan.net/yad380068/,マイステイズ新浦安,verified,マイステイズ新浦安の施設概要,マイステイズ新浦安 - 宿泊予約は＜じゃらんnet＞,0.5294,True,suspect,
312,stage-104-3,X wave 船橋,千葉県,船橋,https://www.jalan.net/yad348715/,クロス・ウェーブ船橋,manual_verified,クロス・ウェーブ船橋の施設概要,クロス・ウェーブ船橋 - 宿泊予約は＜じゃらんnet＞,0.1905,True,suspect,
321,stage-107-3,浦和ワシントンホテル,埼玉県,浦和,https://www.jalan.net/yad397986/,浦和ワシントンホテル,manual_verified_web,,,0.0,False,fetch_failed,<HTTPError 404: 'Not Found'>
329,stage-110-2,浦和ワシントンホテル,埼玉県,浦和,https://www.jalan.net/yad397986/,浦和ワシントンホテル,manual_verified_web,,,0.0,False,fetch_failed,<HTTPError 404: 'Not Found'>
344,stage-115-2,久米川ウィングホテル,埼玉県,久米川,https://www.jalan.net/yad326418/,久米川ウイングホテル,verified_fuzzy,久米川ウイングホテルの施設概要,久米川ウイングホテル - 宿泊予約は＜じゃらんnet＞,0.72,False,suspect,
345,stage-115-3,ビジネスホテル マーキュリー,埼玉県,久米川,https://www.jalan.net/yad356334/,ビジネスホテル マーキュリー（ロイヤルイングループ）,verified,ビジネスホテル マーキュリー（ロイヤルイングループ）の施設概要,ビジネスホテル マーキュリー（ロイヤルイングループ） - 宿泊予約は＜じゃらんnet＞,0.97,False,suspect,
347,stage-116-2,久米川ウィングホテル,埼玉県,久米川,https://www.jalan.net/yad326418/,久米川ウイングホテル,verified_fuzzy,久米川ウイングホテルの施設概要,久米川ウイングホテル - 宿泊予約は＜じゃらんnet＞,0.72,False,suspect,
348,stage-116-3,ビジネスホテル マーキュリー,埼玉県,久米川,https://www.jalan.net/yad356334/,ビジネスホテル マーキュリー（ロイヤルイングループ）,verified,ビジネスホテル マーキュリー（ロイヤルイングループ）の施設概要,ビジネスホテル マーキュリー（ロイヤルイングループ） - 宿泊予約は＜じゃらんnet＞,0.97,False,suspect,
392,stage-131-2,ホテルウィングインターナショナル旭川駅前,北海道,旭川,https://www.jalan.net/yad326154/,KOKO HOTEL 旭川駅前（旧 ホテルウィング旭川駅前）,rebranded_current_page,KOKO HOTEL 旭川駅前（旧 ホテルウィング旭川駅前）の施設概要,KOKO HOTEL 旭川駅前（旧 ホテルウィング旭川駅前） - 宿泊予約は＜じゃらんnet＞,0.2105,True,suspect,
396,stage-132-3,東横INN北海道函館駅前朝市,北海道,函館,https://www.jalan.net/yad388704/,東横ＩＮＮ函館駅前朝市,verified_fuzzy,東横ＩＮＮ函館駅前朝市の施設概要,東横ＩＮＮ函館駅前朝市 - 宿泊予約は＜じゃらんnet＞,0.7333,True,review_name,
429,stage-143-3,ホテルメトロポリタン盛岡 NEW WING,岩手県,盛岡,https://www.jalan.net/yad309556/,ホテルメトロポリタン盛岡 ニューウイング,manual_verified,ホテルメトロポリタン盛岡 ニューウイングの施設概要,ホテルメトロポリタン盛岡 ニューウイング - 宿泊予約は＜じゃらんnet＞,0.5581,True,review_name,
432,stage-144-3,ホテルメトロポリタン盛岡 NEW WING,岩手県,盛岡,https://www.jalan.net/yad309556/,ホテルメトロポリタン盛岡 ニューウイング,manual_verified,ホテルメトロポリタン盛岡 ニューウイングの施設概要,ホテルメトロポリタン盛岡 ニューウイング - 宿泊予約は＜じゃらんnet＞,0.5581,True,review_name,
479,stage-160-2,東横INN甲府駅南口2,山梨県,甲府,https://www.jalan.net/yad309094/,東横ＩＮＮ甲府駅南口Ⅱ,verified_fuzzy,東横ＩＮＮ甲府駅南口Ⅱの施設概要,東横ＩＮＮ甲府駅南口Ⅱ - 宿泊予約は＜じゃらんnet＞,0.7143,True,review_name,
554,stage-185-2,ホテルミワ,静岡県,沼津,https://www.jalan.net/yad312372/,ＫＯＫＯ ＨＯＴＥＬ 沼津駅前,rebranded_current_page,ＫＯＫＯ ＨＯＴＥＬ 沼津駅前の施設概要,ＫＯＫＯ ＨＯＴＥＬ 沼津駅前 - 宿泊予約は＜じゃらんnet＞,0.0,True,suspect,
613,stage-205-1,大江戸温泉物語 箕面観光ホテル,大阪府,箕面,https://www.jalan.net/yad397608/,大江戸温泉物語Premium 箕面観光ホテル,manual_verified_web,大江戸温泉物語Premium 箕面観光ホテルの施設概要,大江戸温泉物語Premium 箕面観光ホテル - 宿泊予約は＜じゃらんnet＞,0.7,True,review_name,
617,stage-206-2,ホテルウィングインターナショナルセレクト東大阪,大阪府,長田,https://www.jalan.net/yad338064/,KOKO HOTEL 東大阪,rebranded_current_page,KOKO HOTEL 東大阪の施設概要,KOKO HOTEL 東大阪 - 宿泊予約は＜じゃらんnet＞,0.15,True,suspect,
623,stage-208-2,ザ シンギュラリ ホテル&スカイスパ アット ユニバーサル・スタジオ・ジャパン,大阪府,ユニバーサルシティ,https://www.jalan.net/yad332153/,THE SINGULARI HOTEL ＆ SKYSPA at Universal Studios Japan,manual_verified,THE SINGULARI HOTEL ＆ SKYSPA at Universal Studios Japanの施設概要,THE SINGULARI HOTEL ＆ SKYSPA at Universal Studios Japan - 宿泊予約は＜じゃらんnet＞,0.0,True,suspect,
646,stage-216-1,ホテルウィングインターナショナルプレミアム京都三条,京都府,三条・東山,https://www.jalan.net/yad330793/,KOKO HOTEL 京都三条,rebranded_current_page,KOKO HOTEL 京都三条の施設概要,KOKO HOTEL 京都三条 - 宿泊予約は＜じゃらんnet＞,0.186,True,suspect,
647,stage-216-2,ホテルマテリアル,京都府,東山,https://www.jalan.net/yad354346/,ＨＯＴＥＬ ＭＡＴＥＲＩＡＬ,manual_verified,ＨＯＴＥＬ ＭＡＴＥＲＩＡＬの施設概要,ＨＯＴＥＬ ＭＡＴＥＲＩＡＬ - 宿泊予約は＜じゃらんnet＞,0.0,True,suspect,
649,stage-217-1,ホテルウィングインターナショナルプレミアム京都三条,京都府,三条・東山,https://www.jalan.net/yad330793/,KOKO HOTEL 京都三条,rebranded_current_page,KOKO HOTEL 京都三条の施設概要,KOKO HOTEL 京都三条 - 宿泊予約は＜じゃらんnet＞,0.186,True,suspect,
650,stage-217-2,ホテルマテリアル,京都府,東山,https://www.jalan.net/yad354346/,ＨＯＴＥＬ ＭＡＴＥＲＩＡＬ,manual_verified,ＨＯＴＥＬ ＭＡＴＥＲＩＡＬの施設概要,ＨＯＴＥＬ ＭＡＴＥＲＩＡＬ - 宿泊予約は＜じゃらんnet＞,0.0,True,suspect,
661,stage-221-1,びわ湖ホテル,滋賀県,びわ湖浜大津,https://www.jalan.net/yad379554/,琵琶湖ホテル,manual_verified,琵琶湖ホテルの施設概要,琵琶湖ホテル - 宿泊予約は＜じゃらんnet＞,0.4706,True,suspect,
706,stage-236-1,ザ クラウンパレス新阪急高知,高知県,高知,https://www.jalan.net/yad322158/,ANAクラウンプラザホテル高知by IHG,rebranded_current_page,ANAクラウンプラザホテル高知by IHGの施設概要,ANAクラウンプラザホテル高知by IHG - 宿泊予約は＜じゃらんnet＞,0.3158,True,suspect,
717,stage-239-3,ホテルニューガイア上呉服,福岡県,呉服町,https://www.jalan.net/yad373877/,ホテルニューガイア博多メッセ南（旧ホテルニューガイア上呉服）,verified,ホテルニューガイア博多メッセ南（旧ホテルニューガイア上呉服）の施設概要,ホテルニューガイア博多メッセ南（旧ホテルニューガイア上呉服） - 宿泊予約は＜じゃらんnet＞,0.5625,True,review_name,
720,stage-240-3,ホテルニューガイア上呉服,福岡県,呉服町,https://www.jalan.net/yad373877/,ホテルニューガイア博多メッセ南（旧ホテルニューガイア上呉服）,verified,ホテルニューガイア博多メッセ南（旧ホテルニューガイア上呉服）の施設概要,ホテルニューガイア博多メッセ南（旧ホテルニューガイア上呉服） - 宿泊予約は＜じゃらんnet＞,0.5625,True,review_name,
