id,name,prefecture,station,area,venueId,storedRakutenHotelNo,imageStatus,causeCode,httpStatus,affiliateRakuten,affiliateHotelNo,matchedHotelName,matchedHotelNo,matchedBy
stage-024-1,The OneFive Tokyo Shibuya,東京都,渋谷・原宿,渋谷,stage-024,,502,temporary_upstream_error,502,no,,,,
stage-025-1,The OneFive Tokyo Shibuya,東京都,渋谷・原宿,渋谷,stage-025,,502,temporary_upstream_error,502,no,,,,
stage-026-3,アパホテル&リゾート〈西新宿五丁目駅タワー〉,東京都,西新宿五丁目,初台,stage-026,,502,temporary_upstream_error,502,no,,,,
stage-027-3,アパホテル&リゾート〈西新宿五丁目駅タワー〉,東京都,西新宿五丁目,初台,stage-027,,502,temporary_upstream_error,502,no,,,,
stage-042-1,The OneFive Tokyo Shibuya,東京都,渋谷・原宿,渋谷,stage-042,,502,temporary_upstream_error,502,no,,,,
stage-043-1,The OneFive Tokyo Shibuya,東京都,渋谷・原宿,渋谷,stage-043,,502,temporary_upstream_error,502,no,,,,
stage-044-1,The OneFive Tokyo Shibuya,東京都,渋谷・原宿,渋谷,stage-044,,502,temporary_upstream_error,502,no,,,,
stage-048-4,JR東日本ホテルメッツ プレミア 亀戸,東京都,亀戸,新小岩,stage-048,,502,temporary_upstream_error,502,no,,,,
stage-048-5,スカイハートホテル小岩,東京都,小岩,新小岩,stage-048,,502,temporary_upstream_error,502,no,,,,
stage-049-4,JR東日本ホテルメッツ プレミア 亀戸,東京都,亀戸,新小岩,stage-049,,502,temporary_upstream_error,502,no,,,,
stage-049-5,スカイハートホテル小岩,東京都,小岩,新小岩,stage-049,,502,temporary_upstream_error,502,no,,,,
stage-055-5,アパホテル&リゾート〈西新宿五丁目駅タワー〉,東京都,西新宿五丁目,高円寺,stage-055,,502,temporary_upstream_error,502,no,,,,
stage-056-5,アパホテル&リゾート〈西新宿五丁目駅タワー〉,東京都,西新宿五丁目,高円寺,stage-056,,502,temporary_upstream_error,502,no,,,,
stage-057-5,アパホテル&リゾート〈西新宿五丁目駅タワー〉,東京都,西新宿五丁目,中野,stage-057,,502,temporary_upstream_error,502,no,,,,
stage-058-5,アパホテル&リゾート〈西新宿五丁目駅タワー〉,東京都,西新宿五丁目,中野,stage-058,,502,temporary_upstream_error,502,no,,,,
stage-059-5,アパホテル&リゾート〈西新宿五丁目駅タワー〉,東京都,西新宿五丁目,中野,stage-059,,502,temporary_upstream_error,502,no,,,,
stage-060-5,アパホテル&リゾート〈西新宿五丁目駅タワー〉,東京都,西新宿五丁目,中野,stage-060,,502,temporary_upstream_error,502,no,,,,
stage-061-5,アパホテル&リゾート〈西新宿五丁目駅タワー〉,東京都,西新宿五丁目,中野,stage-061,,502,temporary_upstream_error,502,no,,,,
stage-065-2,ホテルミッドイン目黒駅前,東京都,目黒,都立大学,stage-065,,502,temporary_upstream_error,502,no,,,,
stage-067-3,ホテルウィングインターナショナルセレクト浅草駒形,東京都,浅草・蔵前,浅草,stage-067,,502,temporary_upstream_error,502,no,,,,
stage-068-3,ホテルウィングインターナショナルセレクト浅草駒形,東京都,浅草・蔵前,浅草,stage-068,,502,temporary_upstream_error,502,no,,,,
stage-085-3,セントラルホテル横須賀,神奈川県,横須賀中央,汐入・横須賀中央,stage-085,,502,temporary_upstream_error,502,no,,,,
stage-086-3,セントラルホテル横須賀,神奈川県,横須賀中央,汐入・横須賀中央,stage-086,,502,temporary_upstream_error,502,no,,,,
stage-091-2,アイホテル橋本,神奈川県,橋本,橋本,stage-091,,502,temporary_upstream_error,502,no,,,,
stage-095-1,日和ホテル舞浜,千葉県,舞浜・新浦安,舞浜・新浦安,stage-095,,502,temporary_upstream_error,502,no,,,,
stage-097-5,CVS・BAY HOTEL,千葉県,市川塩浜,本八幡・市川,stage-097,,ambiguous,multiple_candidates,404,no,,,,
stage-104-3,X wave 船橋,千葉県,船橋,船橋,stage-104,,not_found,not_found_by_current_rakuten_search,404,no,,,,
stage-107-3,浦和ワシントンホテル,埼玉県,浦和,南浦和,stage-107,,502,temporary_upstream_error,502,no,,,,
stage-110-2,浦和ワシントンホテル,埼玉県,浦和,浦和,stage-110,,502,temporary_upstream_error,502,no,,,,
stage-111-4,ホテルリブマックス西川口駅前,埼玉県,西川口,戸田,stage-111,,502,temporary_upstream_error,502,no,,,,
stage-113-5,川越湯遊ランド・ホテル三光,埼玉県,本川越,川越,stage-113,,502,temporary_upstream_error,502,no,,,,
stage-114-5,ホテルルートイン柏南,埼玉県,柏,三郷,stage-114,,location_unverified,location_unverified,404,no,,,,
stage-126-5,ホテルウィングインターナショナル札幌すすきの,北海道,すすきの,札幌・大通,stage-126,,502,temporary_upstream_error,502,no,,,,
stage-127-5,ホテルウィングインターナショナル札幌すすきの,北海道,すすきの,札幌・大通,stage-127,,502,temporary_upstream_error,502,no,,,,
stage-128-5,ホテルウィングインターナショナル札幌すすきの,北海道,すすきの,西11丁目・大通,stage-128,,502,temporary_upstream_error,502,no,,,,
stage-129-5,ホテルウィングインターナショナル札幌すすきの,北海道,すすきの,札幌駅・大通,stage-129,,502,temporary_upstream_error,502,no,,,,
stage-132-3,東横INN北海道函館駅前朝市,北海道,函館,函館・湯の川,stage-132,,502,temporary_upstream_error,502,no,,,,
stage-132-5,フレックステイイン函館駅前,北海道,函館,函館・湯の川,stage-132,,502,temporary_upstream_error,502,no,,,,
stage-133-1,JRイン帯広,北海道,帯広,帯広,stage-133,,502,temporary_upstream_error,502,no,,,,
stage-143-3,ホテルメトロポリタン盛岡 NEW WING,岩手県,盛岡,盛岡,stage-143,,502,temporary_upstream_error,502,no,,,,
stage-143-4,ホテルJIN盛岡駅前,岩手県,盛岡,盛岡,stage-143,,502,temporary_upstream_error,502,no,,,,
stage-144-3,ホテルメトロポリタン盛岡 NEW WING,岩手県,盛岡,盛岡,stage-144,,502,temporary_upstream_error,502,no,,,,
stage-144-4,ホテルJIN盛岡駅前,岩手県,盛岡,盛岡,stage-144,,502,temporary_upstream_error,502,no,,,,
stage-160-5,ホテルフリースタイル,山梨県,甲府,甲府,stage-160,,not_found,not_found_by_current_rakuten_search,404,no,,,,
stage-162-3,プレミアホテル-CABIN-松本,長野県,松本,松本,stage-162,,502,temporary_upstream_error,502,no,,,,
stage-163-3,プレミアホテル-CABIN-松本,長野県,松本,松本,stage-163,,502,temporary_upstream_error,502,no,,,,
stage-177-4,コンフォートホテル名古屋名駅南,愛知県,名古屋,名古屋・ささしまライブ,stage-177,,502,temporary_upstream_error,502,no,,,,
stage-184-4,ホテルジーハイブ三島,静岡県,三島,三島,stage-184,,502,temporary_upstream_error,502,no,,,,
stage-185-2,ホテルミワ,静岡県,沼津,沼津,stage-185,,502,temporary_upstream_error,502,no,,,,
stage-186-1,ホテル西村,静岡県,富士,富士,stage-186,,502,temporary_upstream_error,502,no,,,,
stage-193-4,東横INN大阪阿倍野天王寺,大阪府,天王寺,大阪上本町・谷町九丁目,stage-193,,502,temporary_upstream_error,502,no,,,,
stage-197-4,東横INN大阪阿倍野天王寺,大阪府,天王寺,天王寺・阿倍野,stage-197,,502,temporary_upstream_error,502,no,,,,
stage-203-2,ダイワロイネットホテル大阪堺東,大阪府,堺東,堺,stage-203,,502,temporary_upstream_error,502,no,,,,
stage-204-3,ワークホテルアネックス天神の湯,大阪府,高槻,高槻,stage-204,,502,temporary_upstream_error,502,no,,,,
stage-205-1,大江戸温泉物語 箕面観光ホテル,大阪府,箕面,箕面船場阪大前,stage-205,,not_found,not_found_by_current_rakuten_search,404,no,,,,
stage-206-2,ホテルウィングインターナショナルセレクト東大阪,大阪府,長田,八戸ノ里,stage-206,,502,temporary_upstream_error,502,no,,,,
stage-206-4,SEKAI HOTEL Fuse,大阪府,布施,八戸ノ里,stage-206,,502,temporary_upstream_error,502,no,,,,
stage-212-5,ホテルクラウンパレス神戸,兵庫県,神戸,大倉山・神戸,stage-212,,502,temporary_upstream_error,502,no,,,,
stage-216-1,ホテルウィングインターナショナルプレミアム京都三条,京都府,三条・東山,岡崎・東山,stage-216,,502,temporary_upstream_error,502,no,,,,
stage-216-2,ホテルマテリアル,京都府,東山,岡崎・東山,stage-216,,502,temporary_upstream_error,502,no,,,,
stage-216-4,ホテルレガスタ京都東山三条,京都府,東山,岡崎・東山,stage-216,,502,temporary_upstream_error,502,no,,,,
stage-217-1,ホテルウィングインターナショナルプレミアム京都三条,京都府,三条・東山,岡崎・東山,stage-217,,502,temporary_upstream_error,502,no,,,,
stage-217-2,ホテルマテリアル,京都府,東山,岡崎・東山,stage-217,,502,temporary_upstream_error,502,no,,,,
stage-217-4,ホテルレガスタ京都東山三条,京都府,東山,岡崎・東山,stage-217,,502,temporary_upstream_error,502,no,,,,
stage-235-5,松山東急REIホテル,愛媛県,松山,松山,stage-235,,502,temporary_upstream_error,502,no,,,,
stage-237-5,ホテルウィングインターナショナルセレクト博多駅前,福岡県,博多,中洲川端,stage-237,,502,temporary_upstream_error,502,no,,,,
stage-238-5,ホテルウィングインターナショナルセレクト博多駅前,福岡県,博多,祇園・中洲川端,stage-238,,502,temporary_upstream_error,502,no,,,,
stage-250-5,東横INN沖縄那覇国際通り美栄橋駅,沖縄県,美栄橋,那覇・国際通り,stage-250,,502,temporary_upstream_error,502,no,,,,
kaika-tokyo,KAIKA 東京 by THE SHARE HOTELS,,浅草駅から徒歩約9分,本所・浅草・蔵前,,,not_found,not_found_by_current_rakuten_search,404,no,,,,
