no,id,hotel_name,venue_name,venue_id,venue_number,rank,jalan_yad_no,jalan_url,url_source
1,stage-001-1,東横INN品川港南口天王洲アイル,天王洲 銀河劇場,stage-001,1,1,390736,https://www.jalan.net/yad390736/,generated_from_jalanYadNo
2,stage-001-2,ANAホリデイ・イン東京ベイ,天王洲 銀河劇場,stage-001,1,2,349696,https://www.jalan.net/yad349696/,generated_from_jalanYadNo
3,stage-001-3,スーパーホテル品川・新馬場,天王洲 銀河劇場,stage-001,1,3,,,missing
4,stage-002-1,アワーズイン阪急,シアターH,stage-002,2,1,,,missing
5,stage-002-2,ヴィアイン品川大井町,シアターH,stage-002,2,2,,,missing
6,stage-002-3,ホテルマイステイズプレミア大森,シアターH,stage-002,2,3,,,missing
7,stage-003-1,日本青年館ホテル,日本青年館ホール,stage-003,3,1,,,missing
8,stage-003-2,東急ステイ青山プレミア,日本青年館ホール,stage-003,3,2,,,missing
9,stage-003-3,ホテルウィングインターナショナルプレミアム東京四谷,日本青年館ホール,stage-003,3,3,,,missing
10,stage-004-1,ホテルグランドシティ,東京建物 Brillia HALL(豊島区立芸術文化劇場),stage-004,4,1,,,missing
11,stage-004-2,ホテルリソル池袋,東京建物 Brillia HALL(豊島区立芸術文化劇場),stage-004,4,2,,,missing
12,stage-004-3,京王プレッソイン池袋,東京建物 Brillia HALL(豊島区立芸術文化劇場),stage-004,4,3,,,missing
13,stage-005-1,ホテルグランドシティ,サンシャイン劇場,stage-005,5,1,,,missing
14,stage-005-2,ホテルリソル池袋,サンシャイン劇場,stage-005,5,2,,,missing
15,stage-005-3,京王プレッソイン池袋,サンシャイン劇場,stage-005,5,3,,,missing
16,stage-006-1,リッチモンドホテル東京水道橋,Kanadevia Hall,stage-006,6,1,,,missing
17,stage-006-2,ホテルウィングインターナショナル後楽園,Kanadevia Hall,stage-006,6,2,,,missing
18,stage-006-3,the b 水道橋,Kanadevia Hall,stage-006,6,3,,,missing
19,stage-007-1,リッチモンドホテル東京水道橋,IMM THEATER,stage-007,7,1,,,missing
20,stage-007-2,ホテルウィングインターナショナル後楽園,IMM THEATER,stage-007,7,2,,,missing
21,stage-007-3,the b 水道橋,IMM THEATER,stage-007,7,3,,,missing
22,stage-008-1,ホテルサンライト新宿,THEATER MILANO-Za,stage-008,8,1,,,missing
23,stage-008-2,新宿アーバンホテル,THEATER MILANO-Za,stage-008,8,2,,,missing
24,stage-008-3,ホテルアマネク新宿歌舞伎町,THEATER MILANO-Za,stage-008,8,3,,,missing
25,stage-009-1,ホテル ヴィラフォンテーヌ グランド 東京有明,東京ガーデンシアター,stage-009,9,1,,,missing
26,stage-009-2,相鉄グランドフレッサ 東京ベイ有明,東京ガーデンシアター,stage-009,9,2,,,missing
27,stage-009-3,ファーイーストビレッジホテル東京有明,東京ガーデンシアター,stage-009,9,3,,,missing
28,stage-010-1,レム日比谷,日生劇場,stage-010,10,1,,,missing
29,stage-010-2,銀座ベルビューホテル,日生劇場,stage-010,10,2,,,missing
30,stage-010-3,ダイワロイネットホテル新橋,日生劇場,stage-010,10,3,344290,https://www.jalan.net/yad344290/,generated_from_jalanYadNo
31,stage-011-1,東横INN日本橋浜町明治座前,明治座,stage-011,11,1,,,missing
32,stage-011-2,アパホテル〈人形町駅北〉,明治座,stage-011,11,2,,,missing
33,stage-011-3,コンフォートホテル東京東日本橋,明治座,stage-011,11,3,,,missing
34,stage-012-1,相鉄フレッサイン 銀座三丁目,新橋演舞場,stage-012,12,1,,,missing
35,stage-012-2,ホテルモントレ銀座,新橋演舞場,stage-012,12,2,,,missing
36,stage-012-3,ダイワロイネットホテル東京京橋 PREMIER,新橋演舞場,stage-012,12,3,,,missing
37,stage-013-1,レム日比谷,シアタークリエ,stage-013,13,1,,,missing
38,stage-013-2,銀座ベルビューホテル,シアタークリエ,stage-013,13,2,,,missing
39,stage-013-3,ダイワロイネットホテル新橋,シアタークリエ,stage-013,13,3,344290,https://www.jalan.net/yad344290/,generated_from_jalanYadNo
40,stage-014-1,品川プリンスホテル イーストタワー,品川プリンスホテル ステラボール,stage-014,14,1,,,missing
41,stage-014-2,京急EXホテル高輪,品川プリンスホテル ステラボール,stage-014,14,2,,,missing
42,stage-014-3,アパホテル〈品川 泉岳寺駅前〉,品川プリンスホテル ステラボール,stage-014,14,3,,,missing
43,stage-015-1,品川プリンスホテル イーストタワー,Club eX,stage-015,15,1,,,missing
44,stage-015-2,京急EXホテル高輪,Club eX,stage-015,15,2,,,missing
45,stage-015-3,アパホテル〈品川 泉岳寺駅前〉,Club eX,stage-015,15,3,,,missing
46,stage-016-1,レム六本木,EX THEATER ROPPONGI,stage-016,16,1,,,missing
47,stage-016-2,相鉄フレッサイン 東京六本木,EX THEATER ROPPONGI,stage-016,16,2,,,missing
48,stage-016-3,コンフォートイン東京六本木,EX THEATER ROPPONGI,stage-016,16,3,,,missing
49,stage-017-1,レム日比谷,ヒューリックホール東京,stage-017,17,1,,,missing
50,stage-017-2,銀座ベルビューホテル,ヒューリックホール東京,stage-017,17,2,,,missing
51,stage-017-3,ダイワロイネットホテル新橋,ヒューリックホール東京,stage-017,17,3,344290,https://www.jalan.net/yad344290/,generated_from_jalanYadNo
52,stage-018-1,ホテルヴィラフォンテーヌ東京大手町,よみうり大手町ホール,stage-018,18,1,,,missing
53,stage-018-2,相鉄フレッサイン 神田大手町,よみうり大手町ホール,stage-018,18,2,,,missing
54,stage-018-3,グランドセントラルホテル,よみうり大手町ホール,stage-018,18,3,,,missing
55,stage-019-1,レム日比谷,有楽町よみうりホール,stage-019,19,1,,,missing
56,stage-019-2,銀座ベルビューホテル,有楽町よみうりホール,stage-019,19,2,,,missing
57,stage-019-3,ダイワロイネットホテル新橋,有楽町よみうりホール,stage-019,19,3,344290,https://www.jalan.net/yad344290/,generated_from_jalanYadNo
58,stage-020-1,レム日比谷,有楽町朝日ホール,stage-020,20,1,,,missing
59,stage-020-2,銀座ベルビューホテル,有楽町朝日ホール,stage-020,20,2,,,missing
60,stage-020-3,ダイワロイネットホテル新橋,有楽町朝日ホール,stage-020,20,3,344290,https://www.jalan.net/yad344290/,generated_from_jalanYadNo
61,stage-021-1,レム日比谷,I’M A SHOW,stage-021,21,1,,,missing
62,stage-021-2,銀座ベルビューホテル,I’M A SHOW,stage-021,21,2,,,missing
63,stage-021-3,ダイワロイネットホテル新橋,I’M A SHOW,stage-021,21,3,344290,https://www.jalan.net/yad344290/,generated_from_jalanYadNo
64,stage-022-1,相鉄フレッサイン 銀座三丁目,東京国際フォーラム ホールC,stage-022,22,1,,,missing
65,stage-022-2,ホテルモントレ銀座,東京国際フォーラム ホールC,stage-022,22,2,,,missing
66,stage-022-3,ダイワロイネットホテル東京京橋 PREMIER,東京国際フォーラム ホールC,stage-022,22,3,,,missing
67,stage-023-1,the b 三軒茶屋,昭和女子大学 人見記念講堂,stage-023,23,1,,,missing
68,stage-023-2,東急ステイ用賀,昭和女子大学 人見記念講堂,stage-023,23,2,,,missing
69,stage-023-3,東急ステイ渋谷,昭和女子大学 人見記念講堂,stage-023,23,3,,,missing
70,stage-024-1,The OneFive Tokyo Shibuya,PARCO劇場,stage-024,24,1,,,missing
71,stage-024-2,渋谷東武ホテル,PARCO劇場,stage-024,24,2,,,missing
72,stage-024-3,渋谷クレストンホテル,PARCO劇場,stage-024,24,3,,,missing
73,stage-025-1,The OneFive Tokyo Shibuya,東急シアターオーブ,stage-025,25,1,,,missing
74,stage-025-2,渋谷東武ホテル,東急シアターオーブ,stage-025,25,2,,,missing
75,stage-025-3,渋谷クレストンホテル,東急シアターオーブ,stage-025,25,3,,,missing
76,stage-026-1,ART HOTELS SHIBUYA,新国立劇場 中劇場,stage-026,26,1,,,missing
77,stage-026-2,THE KNOT TOKYO Shinjuku,新国立劇場 中劇場,stage-026,26,2,,,missing
78,stage-026-3,アパホテル&リゾート〈西新宿五丁目駅タワー〉,新国立劇場 中劇場,stage-026,26,3,,,missing
79,stage-027-1,ART HOTELS SHIBUYA,新国立劇場 小劇場,stage-027,27,1,,,missing
80,stage-027-2,THE KNOT TOKYO Shinjuku,新国立劇場 小劇場,stage-027,27,2,,,missing
81,stage-027-3,アパホテル&リゾート〈西新宿五丁目駅タワー〉,新国立劇場 小劇場,stage-027,27,3,,,missing
82,stage-028-1,ホテルサンシティ池袋,東京芸術劇場 プレイハウス,stage-028,28,1,,,missing
83,stage-028-2,ホテルアーバン,東京芸術劇場 プレイハウス,stage-028,28,2,,,missing
84,stage-028-3,スーパーホテルPremier池袋天然温泉,東京芸術劇場 プレイハウス,stage-028,28,3,,,missing
85,stage-029-1,ホテルサンシティ池袋,東京芸術劇場 シアターイースト,stage-029,29,1,,,missing
86,stage-029-2,ホテルアーバン,東京芸術劇場 シアターイースト,stage-029,29,2,,,missing
87,stage-029-3,スーパーホテルPremier池袋天然温泉,東京芸術劇場 シアターイースト,stage-029,29,3,,,missing
88,stage-030-1,ホテルサンシティ池袋,東京芸術劇場 シアターウエスト,stage-030,30,1,,,missing
89,stage-030-2,ホテルアーバン,東京芸術劇場 シアターウエスト,stage-030,30,2,,,missing
90,stage-030-3,スーパーホテルPremier池袋天然温泉,東京芸術劇場 シアターウエスト,stage-030,30,3,,,missing
91,stage-031-1,the b 三軒茶屋,世田谷パブリックシアター,stage-031,31,1,,,missing
92,stage-031-2,東急ステイ用賀,世田谷パブリックシアター,stage-031,31,2,,,missing
93,stage-031-3,東急ステイ渋谷,世田谷パブリックシアター,stage-031,31,3,,,missing
94,stage-032-1,the b 三軒茶屋,シアタートラム,stage-032,32,1,,,missing
95,stage-032-2,東急ステイ用賀,シアタートラム,stage-032,32,2,,,missing
96,stage-032-3,東急ステイ渋谷,シアタートラム,stage-032,32,3,,,missing
97,stage-033-1,ホテルサンライト新宿,紀伊國屋ホール,stage-033,33,1,,,missing
98,stage-033-2,新宿アーバンホテル,紀伊國屋ホール,stage-033,33,2,,,missing
99,stage-033-3,ホテルアマネク新宿歌舞伎町,紀伊國屋ホール,stage-033,33,3,,,missing
100,stage-034-1,ホテルサンルートプラザ新宿,紀伊國屋サザンシアター TAKASHIMAYA,stage-034,34,1,,,missing
101,stage-034-2,JR九州ホテル ブラッサム新宿,紀伊國屋サザンシアター TAKASHIMAYA,stage-034,34,2,,,missing
102,stage-034-3,京王プレッソイン新宿,紀伊國屋サザンシアター TAKASHIMAYA,stage-034,34,3,,,missing
103,stage-035-1,ホテルサンルートプラザ新宿,こくみん共済 coop ホール/スペース・ゼロ,stage-035,35,1,,,missing
104,stage-035-2,JR九州ホテル ブラッサム新宿,こくみん共済 coop ホール/スペース・ゼロ,stage-035,35,2,,,missing
105,stage-035-3,京王プレッソイン新宿,こくみん共済 coop ホール/スペース・ゼロ,stage-035,35,3,,,missing
106,stage-036-1,ホテルサンライト新宿,シアターサンモール,stage-036,36,1,,,missing
107,stage-036-2,新宿アーバンホテル,シアターサンモール,stage-036,36,2,,,missing
108,stage-036-3,ホテルアマネク新宿歌舞伎町,シアターサンモール,stage-036,36,3,,,missing
109,stage-037-1,ホテルサンライト新宿,新宿シアタートップス,stage-037,37,1,,,missing
110,stage-037-2,新宿アーバンホテル,新宿シアタートップス,stage-037,37,2,,,missing
111,stage-037-3,ホテルアマネク新宿歌舞伎町,新宿シアタートップス,stage-037,37,3,,,missing
112,stage-038-1,ホテルサンライト新宿,新宿FACE,stage-038,38,1,,,missing
113,stage-038-2,新宿アーバンホテル,新宿FACE,stage-038,38,2,,,missing
114,stage-038-3,ホテルアマネク新宿歌舞伎町,新宿FACE,stage-038,38,3,,,missing
115,stage-039-1,ホテルアジア会館,赤坂RED/THEATER,stage-039,39,1,,,missing
116,stage-039-2,the b 赤坂,赤坂RED/THEATER,stage-039,39,2,,,missing
117,stage-039-3,ホテルモントレ赤坂,赤坂RED/THEATER,stage-039,39,3,,,missing
118,stage-040-1,ホテルアジア会館,草月ホール,stage-040,40,1,,,missing
119,stage-040-2,the b 赤坂,草月ホール,stage-040,40,2,,,missing
120,stage-040-3,ホテルモントレ赤坂,草月ホール,stage-040,40,3,,,missing
121,stage-041-1,相鉄フレッサイン 銀座三丁目,博品館劇場,stage-041,41,1,,,missing
122,stage-041-2,ホテルモントレ銀座,博品館劇場,stage-041,41,2,,,missing
123,stage-041-3,ダイワロイネットホテル東京京橋 PREMIER,博品館劇場,stage-041,41,3,,,missing
124,stage-042-1,The OneFive Tokyo Shibuya,CBGKシブゲキ!!,stage-042,42,1,,,missing
125,stage-042-2,渋谷東武ホテル,CBGKシブゲキ!!,stage-042,42,2,,,missing
126,stage-042-3,渋谷クレストンホテル,CBGKシブゲキ!!,stage-042,42,3,,,missing
127,stage-043-1,The OneFive Tokyo Shibuya,渋谷区文化総合センター大和田 さくらホール,stage-043,43,1,,,missing
128,stage-043-2,渋谷東武ホテル,渋谷区文化総合センター大和田 さくらホール,stage-043,43,2,,,missing
129,stage-043-3,渋谷クレストンホテル,渋谷区文化総合センター大和田 さくらホール,stage-043,43,3,,,missing
130,stage-044-1,The OneFive Tokyo Shibuya,渋谷区文化総合センター大和田 伝承ホール,stage-044,44,1,,,missing
131,stage-044-2,渋谷東武ホテル,渋谷区文化総合センター大和田 伝承ホール,stage-044,44,2,,,missing
132,stage-044-3,渋谷クレストンホテル,渋谷区文化総合センター大和田 伝承ホール,stage-044,44,3,,,missing
133,stage-045-1,アーバイン東京・上野 北千住,シアター1010,stage-045,45,1,,,missing
134,stage-045-2,ホテル ココ・グラン北千住,シアター1010,stage-045,45,2,,,missing
135,stage-045-3,ホテルリブマックス東京綾瀬駅前,シアター1010,stage-045,45,3,359437,https://www.jalan.net/yad359437/,generated_from_jalanYadNo
136,stage-046-1,スマイルホテル東京綾瀬駅前,かめありリリオホール,stage-046,46,1,,,missing
137,stage-046-2,ホテルリブマックス東京綾瀬駅前,かめありリリオホール,stage-046,46,2,359437,https://www.jalan.net/yad359437/,generated_from_jalanYadNo
138,stage-046-3,アーバイン東京・上野 北千住,かめありリリオホール,stage-046,46,3,,,missing
139,stage-047-1,くれたけイン東京船堀,タワーホール船堀 大ホール,stage-047,47,1,,,missing
140,stage-047-2,レンブラントスタイル東京西葛西,タワーホール船堀 大ホール,stage-047,47,2,,,missing
141,stage-047-3,アパホテル〈TKP東京西葛西〉,タワーホール船堀 大ホール,stage-047,47,3,,,missing
142,stage-048-1,スマイルホテル東京新小岩,江戸川区総合文化センター 大ホール,stage-048,48,1,,,missing
143,stage-048-2,スーパーホテル東京・JR新小岩,江戸川区総合文化センター 大ホール,stage-048,48,2,,,missing
144,stage-048-3,サイプレスイン東京,江戸川区総合文化センター 大ホール,stage-048,48,3,,,missing
145,stage-049-1,スマイルホテル東京新小岩,江戸川区総合文化センター 小ホール,stage-049,49,1,,,missing
146,stage-049-2,スーパーホテル東京・JR新小岩,江戸川区総合文化センター 小ホール,stage-049,49,2,,,missing
147,stage-049-3,サイプレスイン東京,江戸川区総合文化センター 小ホール,stage-049,49,3,,,missing
148,stage-050-1,フレックステイイン江古田,練馬文化センター 大ホール(こぶしホール),stage-050,50,1,,,missing
149,stage-050-2,ホテルカデンツァ東京,練馬文化センター 大ホール(こぶしホール),stage-050,50,2,,,missing
150,stage-050-3,和光市東武ホテル,練馬文化センター 大ホール(こぶしホール),stage-050,50,3,,,missing
151,stage-051-1,フレックステイイン江古田,練馬文化センター 小ホール(つつじホール),stage-051,51,1,,,missing
152,stage-051-2,ホテルカデンツァ東京,練馬文化センター 小ホール(つつじホール),stage-051,51,2,,,missing
153,stage-051-3,和光市東武ホテル,練馬文化センター 小ホール(つつじホール),stage-051,51,3,,,missing
154,stage-052-1,吉祥寺東急REIホテル,吉祥寺シアター,stage-052,52,1,,,missing
155,stage-052-2,吉祥寺エクセルホテル東急,吉祥寺シアター,stage-052,52,2,,,missing
156,stage-052-3,リッチモンドホテル東京武蔵野,吉祥寺シアター,stage-052,52,3,,,missing
157,stage-053-1,リッチモンドホテル東京武蔵野,武蔵野芸能劇場 小劇場,stage-053,53,1,,,missing
158,stage-053-2,三鷹シティホテル,武蔵野芸能劇場 小劇場,stage-053,53,2,,,missing
159,stage-053-3,JR東日本ホテルメッツ 武蔵境,武蔵野芸能劇場 小劇場,stage-053,53,3,,,missing
160,stage-054-1,リッチモンドホテル東京武蔵野,三鷹市芸術文化センター 星のホール,stage-054,54,1,,,missing
161,stage-054-2,三鷹シティホテル,三鷹市芸術文化センター 星のホール,stage-054,54,2,,,missing
162,stage-054-3,JR東日本ホテルメッツ 武蔵境,三鷹市芸術文化センター 星のホール,stage-054,54,3,,,missing
163,stage-055-1,JR東日本ホテルメッツ 高円寺,座・高円寺1,stage-055,55,1,,,missing
164,stage-055-2,ビジネスホテル クレセント,座・高円寺1,stage-055,55,2,,,missing
165,stage-055-3,ホテルルートイン東京阿佐ヶ谷,座・高円寺1,stage-055,55,3,,,missing
166,stage-056-1,JR東日本ホテルメッツ 高円寺,座・高円寺2,stage-056,56,1,,,missing
167,stage-056-2,ビジネスホテル クレセント,座・高円寺2,stage-056,56,2,,,missing
168,stage-056-3,ホテルルートイン東京阿佐ヶ谷,座・高円寺2,stage-056,56,3,,,missing
169,stage-057-1,ビジネスホテル クレセント,ザ・ポケット,stage-057,57,1,,,missing
170,stage-057-2,JR東日本ホテルメッツ 高円寺,ザ・ポケット,stage-057,57,2,,,missing
171,stage-057-3,ホテルルートイン東京阿佐ヶ谷,ザ・ポケット,stage-057,57,3,,,missing
172,stage-058-1,ビジネスホテル クレセント,劇場MOMO,stage-058,58,1,,,missing
173,stage-058-2,JR東日本ホテルメッツ 高円寺,劇場MOMO,stage-058,58,2,,,missing
174,stage-058-3,ホテルルートイン東京阿佐ヶ谷,劇場MOMO,stage-058,58,3,,,missing
175,stage-059-1,ビジネスホテル クレセント,テアトルBONBON,stage-059,59,1,,,missing
176,stage-059-2,JR東日本ホテルメッツ 高円寺,テアトルBONBON,stage-059,59,2,,,missing
177,stage-059-3,ホテルルートイン東京阿佐ヶ谷,テアトルBONBON,stage-059,59,3,,,missing
178,stage-060-1,ビジネスホテル クレセント,なかのZERO 大ホール,stage-060,60,1,,,missing
179,stage-060-2,JR東日本ホテルメッツ 高円寺,なかのZERO 大ホール,stage-060,60,2,,,missing
180,stage-060-3,ホテルルートイン東京阿佐ヶ谷,なかのZERO 大ホール,stage-060,60,3,,,missing
181,stage-061-1,ビジネスホテル クレセント,なかのZERO 小ホール,stage-061,61,1,,,missing
182,stage-061-2,JR東日本ホテルメッツ 高円寺,なかのZERO 小ホール,stage-061,61,2,,,missing
183,stage-061-3,ホテルルートイン東京阿佐ヶ谷,なかのZERO 小ホール,stage-061,61,3,,,missing
184,stage-062-1,ホテルグランドシティ,あうるすぽっと,stage-062,62,1,,,missing
185,stage-062-2,ホテルリソル池袋,あうるすぽっと,stage-062,62,2,,,missing
186,stage-062-3,京王プレッソイン池袋,あうるすぽっと,stage-062,62,3,,,missing
187,stage-063-1,TOKIO's HOTEL,北とぴあ さくらホール,stage-063,63,1,,,missing
188,stage-063-2,東横INN京浜東北線王子駅北口,北とぴあ さくらホール,stage-063,63,2,,,missing
189,stage-063-3,JR東日本ホテルメッツ 赤羽,北とぴあ さくらホール,stage-063,63,3,,,missing
190,stage-064-1,ホテルカデンツァ東京,IMAホール,stage-064,64,1,,,missing
191,stage-064-2,和光市東武ホテル,IMAホール,stage-064,64,2,,,missing
192,stage-064-3,東横INN和光市駅前,IMAホール,stage-064,64,3,,,missing
193,stage-065-1,東急ステイ目黒・祐天寺,めぐろパーシモンホール 大ホール,stage-065,65,1,,,missing
194,stage-065-2,ホテルミッドイン目黒駅前,めぐろパーシモンホール 大ホール,stage-065,65,2,,,missing
195,stage-065-3,ホテルアベスト目黒,めぐろパーシモンホール 大ホール,stage-065,65,3,,,missing
196,stage-066-1,ホテルマイステイズ蒲田,大田区民ホール・アプリコ 大ホール,stage-066,66,1,,,missing
197,stage-066-2,ビジネスイン和,大田区民ホール・アプリコ 大ホール,stage-066,66,2,,,missing
198,stage-066-3,グランパークホテル パネックス東京,大田区民ホール・アプリコ 大ホール,stage-066,66,3,,,missing
199,stage-067-1,ホテル トレンド 浅草,浅草公会堂,stage-067,67,1,,,missing
200,stage-067-2,アパホテル〈浅草 田原町駅前〉,浅草公会堂,stage-067,67,2,347008,https://www.jalan.net/yad347008/,generated_from_jalanYadNo
201,stage-067-3,ホテルウィングインターナショナルセレクト浅草駒形,浅草公会堂,stage-067,67,3,,,missing
202,stage-068-1,ホテル トレンド 浅草,浅草花劇場,stage-068,68,1,,,missing
203,stage-068-2,アパホテル〈浅草 田原町駅前〉,浅草花劇場,stage-068,68,2,347008,https://www.jalan.net/yad347008/,generated_from_jalanYadNo
204,stage-068-3,ホテルウィングインターナショナルセレクト浅草駒形,浅草花劇場,stage-068,68,3,,,missing
205,stage-069-1,スーパーホテル品川・新馬場,六行会ホール,stage-069,69,1,,,missing
206,stage-069-2,東横INN品川港南口天王洲アイル,六行会ホール,stage-069,69,2,390736,https://www.jalan.net/yad390736/,generated_from_jalanYadNo
207,stage-069-3,アパホテル〈品川 泉岳寺駅前〉,六行会ホール,stage-069,69,3,,,missing
208,stage-070-1,ホテルグランドシティ,Theater Mixa,stage-070,70,1,,,missing
209,stage-070-2,ホテルリソル池袋,Theater Mixa,stage-070,70,2,,,missing
210,stage-070-3,京王プレッソイン池袋,Theater Mixa,stage-070,70,3,,,missing
211,stage-071-1,アパホテル〈上野駅前〉,飛行船シアター,stage-071,71,1,,,missing
212,stage-071-2,上野ホテル,飛行船シアター,stage-071,71,2,,,missing
213,stage-071-3,ベッセルイン上野入谷駅前,飛行船シアター,stage-071,71,3,,,missing
214,stage-072-1,ホテルエミシア東京立川,TACHIKAWA STAGE GARDEN,stage-072,72,1,,,missing
215,stage-072-2,立川リージェントホテル,TACHIKAWA STAGE GARDEN,stage-072,72,2,,,missing
216,stage-072-3,ホテルマイステイズ立川,TACHIKAWA STAGE GARDEN,stage-072,72,3,,,missing
217,stage-073-1,京急EXイン 羽田イノベーションシティ,Zepp Haneda (TOKYO),stage-073,73,1,,,missing
218,stage-073-2,ホテルメトロポリタン 羽田,Zepp Haneda (TOKYO),stage-073,73,2,308818,https://www.jalan.net/yad308818/,generated_from_jalanYadNo
219,stage-073-3,京急EXイン 羽田,Zepp Haneda (TOKYO),stage-073,73,3,,,missing
220,stage-074-1,東横INN鶯谷駅前,東京キネマ倶楽部,stage-074,74,1,,,missing
221,stage-074-2,ホテルセレッソ,東京キネマ倶楽部,stage-074,74,2,,,missing
222,stage-074-3,ベッセルイン上野入谷駅前,東京キネマ倶楽部,stage-074,74,3,,,missing
223,stage-075-1,ホテルJALシティ関内 横浜,KAAT 神奈川芸術劇場 ホール,stage-075,75,1,,,missing
224,stage-075-2,コンフォートホテル横浜関内,KAAT 神奈川芸術劇場 ホール,stage-075,75,2,,,missing
225,stage-075-3,ダイワロイネットホテル横浜公園,KAAT 神奈川芸術劇場 ホール,stage-075,75,3,,,missing
226,stage-076-1,ホテルJALシティ関内 横浜,KAAT 神奈川芸術劇場 大スタジオ,stage-076,76,1,,,missing
227,stage-076-2,コンフォートホテル横浜関内,KAAT 神奈川芸術劇場 大スタジオ,stage-076,76,2,,,missing
228,stage-076-3,ダイワロイネットホテル横浜公園,KAAT 神奈川芸術劇場 大スタジオ,stage-076,76,3,,,missing
229,stage-077-1,横浜桜木町ワシントンホテル,ぴあアリーナMM,stage-077,77,1,,,missing
230,stage-077-2,ニューオータニイン横浜プレミアム,ぴあアリーナMM,stage-077,77,2,,,missing
231,stage-077-3,相鉄フレッサイン 横浜桜木町,ぴあアリーナMM,stage-077,77,3,,,missing
232,stage-078-1,横浜桜木町ワシントンホテル,パシフィコ横浜 国立大ホール,stage-078,78,1,,,missing
233,stage-078-2,ニューオータニイン横浜プレミアム,パシフィコ横浜 国立大ホール,stage-078,78,2,,,missing
234,stage-078-3,相鉄フレッサイン 横浜桜木町,パシフィコ横浜 国立大ホール,stage-078,78,3,,,missing
235,stage-079-1,横浜桜木町ワシントンホテル,KT Zepp Yokohama,stage-079,79,1,,,missing
236,stage-079-2,ニューオータニイン横浜プレミアム,KT Zepp Yokohama,stage-079,79,2,,,missing
237,stage-079-3,相鉄フレッサイン 横浜桜木町,KT Zepp Yokohama,stage-079,79,3,,,missing
238,stage-080-1,ホテルJALシティ関内 横浜,横浜BUNTAI,stage-080,80,1,,,missing
239,stage-080-2,コンフォートホテル横浜関内,横浜BUNTAI,stage-080,80,2,,,missing
240,stage-080-3,ダイワロイネットホテル横浜公園,横浜BUNTAI,stage-080,80,3,,,missing
241,stage-081-1,ホテルJALシティ関内 横浜,関内ホール 大ホール,stage-081,81,1,,,missing
242,stage-081-2,コンフォートホテル横浜関内,関内ホール 大ホール,stage-081,81,2,,,missing
243,stage-081-3,ダイワロイネットホテル横浜公園,関内ホール 大ホール,stage-081,81,3,,,missing
244,stage-082-1,ホテルJALシティ関内 横浜,関内ホール 小ホール,stage-082,82,1,,,missing
245,stage-082-2,コンフォートホテル横浜関内,関内ホール 小ホール,stage-082,82,2,,,missing
246,stage-082-3,ダイワロイネットホテル横浜公園,関内ホール 小ホール,stage-082,82,3,,,missing
247,stage-083-1,横浜桜木町ワシントンホテル,横浜赤レンガ倉庫1号館 3Fホール,stage-083,83,1,,,missing
248,stage-083-2,ニューオータニイン横浜プレミアム,横浜赤レンガ倉庫1号館 3Fホール,stage-083,83,2,,,missing
249,stage-083-3,相鉄フレッサイン 横浜桜木町,横浜赤レンガ倉庫1号館 3Fホール,stage-083,83,3,,,missing
250,stage-084-1,横浜桜木町ワシントンホテル,横浜ランドマークホール,stage-084,84,1,,,missing
251,stage-084-2,ニューオータニイン横浜プレミアム,横浜ランドマークホール,stage-084,84,2,,,missing
252,stage-084-3,相鉄フレッサイン 横浜桜木町,横浜ランドマークホール,stage-084,84,3,,,missing
253,stage-085-1,メルキュール横須賀,横須賀芸術劇場,stage-085,85,1,,,missing
254,stage-085-2,ホテルニューヨコスカ,横須賀芸術劇場,stage-085,85,2,,,missing
255,stage-085-3,セントラルホテル横須賀,横須賀芸術劇場,stage-085,85,3,,,missing
256,stage-086-1,メルキュール横須賀,ヨコスカ・ベイサイド・ポケット,stage-086,86,1,,,missing
257,stage-086-2,ホテルニューヨコスカ,ヨコスカ・ベイサイド・ポケット,stage-086,86,2,,,missing
258,stage-086-3,セントラルホテル横須賀,ヨコスカ・ベイサイド・ポケット,stage-086,86,3,,,missing
259,stage-087-1,川崎日航ホテル,カルッツかわさき ホール,stage-087,87,1,,,missing
260,stage-087-2,JR東日本ホテルメッツ 川崎,カルッツかわさき ホール,stage-087,87,2,,,missing
261,stage-087-3,相鉄フレッサイン 川崎駅東口,カルッツかわさき ホール,stage-087,87,3,,,missing
262,stage-088-1,川崎日航ホテル,CLUB CITTA',stage-088,88,1,,,missing
263,stage-088-2,JR東日本ホテルメッツ 川崎,CLUB CITTA',stage-088,88,2,,,missing
264,stage-088-3,相鉄フレッサイン 川崎駅東口,CLUB CITTA',stage-088,88,3,,,missing
265,stage-089-1,ホテルモリノ新百合丘,川崎市アートセンター アルテリオ小劇場,stage-089,89,1,,,missing
266,stage-089-2,ホテルリソル町田,川崎市アートセンター アルテリオ小劇場,stage-089,89,2,,,missing
267,stage-089-3,レンブラントホテル東京町田,川崎市アートセンター アルテリオ小劇場,stage-089,89,3,,,missing
268,stage-090-1,小田急ホテルセンチュリー相模大野,相模女子大学グリーンホール 大ホール,stage-090,90,1,,,missing
269,stage-090-2,ホテルクラウンヒルズ相模原,相模女子大学グリーンホール 大ホール,stage-090,90,2,,,missing
270,stage-090-3,ホテルウィングインターナショナル相模原,相模女子大学グリーンホール 大ホール,stage-090,90,3,,,missing
271,stage-091-1,アパホテル〈相模原 橋本駅前〉,杜のホールはしもと ホール,stage-091,91,1,,,missing
272,stage-091-2,アイホテル橋本,杜のホールはしもと ホール,stage-091,91,2,,,missing
273,stage-091-3,橋本パークホテル,杜のホールはしもと ホール,stage-091,91,3,,,missing
274,stage-092-1,相鉄フレッサイン 鎌倉大船駅笠間口,鎌倉芸術館 大ホール,stage-092,92,1,,,missing
275,stage-092-2,相鉄フレッサイン 鎌倉大船駅東口,鎌倉芸術館 大ホール,stage-092,92,2,,,missing
276,stage-092-3,JR東日本ホテルメッツ かまくら大船,鎌倉芸術館 大ホール,stage-092,92,3,,,missing
277,stage-093-1,東横INN小田原駅東口,小田原三の丸ホール 大ホール,stage-093,93,1,,,missing
278,stage-093-2,天成園 小田原駅 別館,小田原三の丸ホール 大ホール,stage-093,93,2,,,missing
279,stage-093-3,小田原ターミナルホテル,小田原三の丸ホール 大ホール,stage-093,93,3,,,missing
280,stage-094-1,東横INN湘南平塚駅北口1,ひらしん平塚文化芸術ホール 大ホール,stage-094,94,1,,,missing
281,stage-094-2,東横INN湘南平塚駅北口2,ひらしん平塚文化芸術ホール 大ホール,stage-094,94,2,,,missing
282,stage-094-3,3S HOTEL HIRATSUKA,ひらしん平塚文化芸術ホール 大ホール,stage-094,94,3,,,missing
283,stage-095-1,日和ホテル舞浜,舞浜アンフィシアター,stage-095,95,1,,,missing
284,stage-095-2,ホテルマイステイズ舞浜,舞浜アンフィシアター,stage-095,95,2,,,missing
285,stage-095-3,変なホテル舞浜 東京ベイ,舞浜アンフィシアター,stage-095,95,3,,,missing
286,stage-096-1,アパホテル&リゾート〈東京ベイ幕張〉,幕張メッセ 幕張イベントホール,stage-096,96,1,,,missing
287,stage-096-2,ホテルスプリングス幕張プレミア,幕張メッセ 幕張イベントホール,stage-096,96,2,,,missing
288,stage-096-3,ホテルフランクス,幕張メッセ 幕張イベントホール,stage-096,96,3,,,missing
289,stage-097-1,市川グランドホテル,市川市文化会館 大ホール,stage-097,97,1,,,missing
290,stage-097-2,スーパーホテル東西線・市川・妙典駅前,市川市文化会館 大ホール,stage-097,97,2,,,missing
291,stage-097-3,東横INN西船橋原木インター,市川市文化会館 大ホール,stage-097,97,3,,,missing
292,stage-098-1,東横INN松戸駅東口,森のホール21 大ホール,stage-098,98,1,,,missing
293,stage-098-2,ホテルルートイン北松戸駅前,森のホール21 大ホール,stage-098,98,2,,,missing
294,stage-098-3,新松戸ステーションホテル,森のホール21 大ホール,stage-098,98,3,,,missing
295,stage-099-1,ダイワロイネットホテル千葉中央,千葉県文化会館 大ホール,stage-099,99,1,,,missing
296,stage-099-2,京成ホテルミラマーレ,千葉県文化会館 大ホール,stage-099,99,2,,,missing
297,stage-099-3,アパホテル〈千葉中央駅前〉,千葉県文化会館 大ホール,stage-099,99,3,,,missing
298,stage-100-1,ダイワロイネットホテル千葉中央,千葉市民会館 大ホール,stage-100,100,1,,,missing
299,stage-100-2,京成ホテルミラマーレ,千葉市民会館 大ホール,stage-100,100,2,,,missing
300,stage-100-3,アパホテル〈千葉中央駅前〉,千葉市民会館 大ホール,stage-100,100,3,,,missing
301,stage-101-1,ダイワロイネットホテル千葉中央,青葉の森公園芸術文化ホール,stage-101,101,1,,,missing
302,stage-101-2,京成ホテルミラマーレ,青葉の森公園芸術文化ホール,stage-101,101,2,,,missing
303,stage-101-3,アパホテル〈千葉中央駅前〉,青葉の森公園芸術文化ホール,stage-101,101,3,,,missing
304,stage-102-1,浦安サンホテル,浦安市文化会館 大ホール,stage-102,102,1,,,missing
305,stage-102-2,BAY HOTEL 浦安駅前,浦安市文化会館 大ホール,stage-102,102,2,,,missing
306,stage-102-3,マイステイズ新浦安コンファレンスセンター,浦安市文化会館 大ホール,stage-102,102,3,,,missing
307,stage-103-1,相鉄フレッサイン 千葉柏,柏市民文化会館 大ホール,stage-103,103,1,,,missing
308,stage-103-2,ザ・クレストホテル柏,柏市民文化会館 大ホール,stage-103,103,2,,,missing
309,stage-103-3,東横INN柏駅西口,柏市民文化会館 大ホール,stage-103,103,3,,,missing
310,stage-104-1,JR東日本ホテルメッツ 船橋,船橋市民文化ホール,stage-104,104,1,,,missing
311,stage-104-2,ホテルフローラ船橋,船橋市民文化ホール,stage-104,104,2,,,missing
312,stage-104-3,X wave 船橋,船橋市民文化ホール,stage-104,104,3,,,missing
313,stage-105-1,パレスホテル大宮,大宮ソニックシティ 大ホール,stage-105,105,1,,,missing
314,stage-105-2,ダイワロイネットホテル大宮西口,大宮ソニックシティ 大ホール,stage-105,105,2,,,missing
315,stage-105-3,カンデオホテルズ大宮,大宮ソニックシティ 大ホール,stage-105,105,3,,,missing
316,stage-106-1,パレスホテル大宮,RaiBoC Hall(さいたま市民会館おおみや)大ホール,stage-106,106,1,,,missing
317,stage-106-2,ダイワロイネットホテル大宮西口,RaiBoC Hall(さいたま市民会館おおみや)大ホール,stage-106,106,2,,,missing
318,stage-106-3,カンデオホテルズ大宮,RaiBoC Hall(さいたま市民会館おおみや)大ホール,stage-106,106,3,,,missing
319,stage-107-1,ホテルニュー埼玉,さいたま市文化センター 大ホール,stage-107,107,1,,,missing
320,stage-107-2,JR東日本ホテルメッツ 浦和,さいたま市文化センター 大ホール,stage-107,107,2,,,missing
321,stage-107-3,浦和ワシントンホテル,さいたま市文化センター 大ホール,stage-107,107,3,,,missing
322,stage-108-1,東横INNさいたま新都心,彩の国さいたま芸術劇場 大ホール,stage-108,108,1,,,missing
323,stage-108-2,ホテルメトロポリタンさいたま新都心,彩の国さいたま芸術劇場 大ホール,stage-108,108,2,,,missing
324,stage-108-3,アパホテル〈さいたま新都心駅北〉,彩の国さいたま芸術劇場 大ホール,stage-108,108,3,,,missing
325,stage-109-1,東横INNさいたま新都心,彩の国さいたま芸術劇場 小ホール,stage-109,109,1,,,missing
326,stage-109-2,ホテルメトロポリタンさいたま新都心,彩の国さいたま芸術劇場 小ホール,stage-109,109,2,,,missing
327,stage-109-3,アパホテル〈さいたま新都心駅北〉,彩の国さいたま芸術劇場 小ホール,stage-109,109,3,,,missing
328,stage-110-1,JR東日本ホテルメッツ 浦和,埼玉会館 大ホール,stage-110,110,1,,,missing
329,stage-110-2,浦和ワシントンホテル,埼玉会館 大ホール,stage-110,110,2,,,missing
330,stage-110-3,ロイヤルパインズホテル浦和,埼玉会館 大ホール,stage-110,110,3,,,missing
331,stage-111-1,東横INN北戸田駅東口,戸田市文化会館,stage-111,111,1,,,missing
332,stage-111-2,東横INN西川口駅,戸田市文化会館,stage-111,111,2,,,missing
333,stage-111-3,西川口ステーションホテル ステイラウンジ,戸田市文化会館,stage-111,111,3,,,missing
334,stage-112-1,和光市東武ホテル,和光市民文化センター サンアゼリア 大ホール,stage-112,112,1,,,missing
335,stage-112-2,東横INN北朝霞駅西口,和光市民文化センター サンアゼリア 大ホール,stage-112,112,2,,,missing
336,stage-112-3,スマイルホテル北朝霞,和光市民文化センター サンアゼリア 大ホール,stage-112,112,3,,,missing
337,stage-113-1,川越東武ホテル,ウェスタ川越 大ホール,stage-113,113,1,,,missing
338,stage-113-2,川越プリンスホテル,ウェスタ川越 大ホール,stage-113,113,2,,,missing
339,stage-113-3,スーパーホテル埼玉・川越,ウェスタ川越 大ホール,stage-113,113,3,,,missing
340,stage-114-1,東横INN三郷中央駅前,三郷市文化会館 大ホール,stage-114,114,1,,,missing
341,stage-114-2,ホテルサンクローバー三郷,三郷市文化会館 大ホール,stage-114,114,2,,,missing
342,stage-114-3,東横INN八潮駅前,三郷市文化会館 大ホール,stage-114,114,3,,,missing
343,stage-115-1,所沢パークホテル,所沢市民文化センター ミューズ マーキーホール,stage-115,115,1,,,missing
344,stage-115-2,久米川ウィングホテル,所沢市民文化センター ミューズ マーキーホール,stage-115,115,2,,,missing
345,stage-115-3,ビジネスホテル マーキュリー,所沢市民文化センター ミューズ マーキーホール,stage-115,115,3,,,missing
346,stage-116-1,所沢パークホテル,ところざわサクラタウン ジャパンパビリオン ホールA,stage-116,116,1,,,missing
347,stage-116-2,久米川ウィングホテル,ところざわサクラタウン ジャパンパビリオン ホールA,stage-116,116,2,,,missing
348,stage-116-3,ビジネスホテル マーキュリー,ところざわサクラタウン ジャパンパビリオン ホールA,stage-116,116,3,,,missing
349,stage-117-1,ダイワロイネットホテル水戸,水戸市民会館 グロービスホール,stage-117,117,1,,,missing
350,stage-117-2,JR東日本ホテルメッツ 水戸,水戸市民会館 グロービスホール,stage-117,117,2,,,missing
351,stage-117-3,水戸京成ホテル,水戸市民会館 グロービスホール,stage-117,117,3,,,missing
352,stage-118-1,ダイワロイネットホテル水戸,ザ・ヒロサワ・シティ会館 大ホール,stage-118,118,1,,,missing
353,stage-118-2,JR東日本ホテルメッツ 水戸,ザ・ヒロサワ・シティ会館 大ホール,stage-118,118,2,,,missing
354,stage-118-3,水戸京成ホテル,ザ・ヒロサワ・シティ会館 大ホール,stage-118,118,3,,,missing
355,stage-119-1,ダイワロイネットホテルつくば,ノバホール,stage-119,119,1,,,missing
356,stage-119-2,ホテル日航つくば,ノバホール,stage-119,119,2,,,missing
357,stage-119-3,ホテルJALシティつくば,ノバホール,stage-119,119,3,,,missing
358,stage-120-1,JR東日本ホテルメッツ 宇都宮,宇都宮市文化会館 大ホール,stage-120,120,1,,,missing
359,stage-120-2,ダイワロイネットホテル宇都宮,宇都宮市文化会館 大ホール,stage-120,120,2,,,missing
360,stage-120-3,リッチモンドホテル宇都宮駅前,宇都宮市文化会館 大ホール,stage-120,120,3,,,missing
361,stage-121-1,JR東日本ホテルメッツ 宇都宮,栃木県総合文化センター メインホール,stage-121,121,1,,,missing
362,stage-121-2,ダイワロイネットホテル宇都宮,栃木県総合文化センター メインホール,stage-121,121,2,,,missing
363,stage-121-3,リッチモンドホテル宇都宮駅前,栃木県総合文化センター メインホール,stage-121,121,3,,,missing
364,stage-122-1,ホテルメトロポリタン高崎,高崎芸術劇場 大劇場,stage-122,122,1,,,missing
365,stage-122-2,ホテルココ・グラン高崎,高崎芸術劇場 大劇場,stage-122,122,2,,,missing
366,stage-122-3,アパホテル〈高崎駅前〉,高崎芸術劇場 大劇場,stage-122,122,3,,,missing
367,stage-123-1,天然温泉 妙義の湯 ドーミーイン前橋,昌賢学園まえばしホール 大ホール,stage-123,123,1,,,missing
368,stage-123-2,コンフォートホテル前橋,昌賢学園まえばしホール 大ホール,stage-123,123,2,,,missing
369,stage-123-3,アパホテル〈前橋駅北〉,昌賢学園まえばしホール 大ホール,stage-123,123,3,,,missing
370,stage-124-1,東横INN群馬太田駅南口,太田市民会館 ホール,stage-124,124,1,,,missing
371,stage-124-2,ホテルルートインGrand太田駅前,太田市民会館 ホール,stage-124,124,2,,,missing
372,stage-124-3,太田グランドホテル,太田市民会館 ホール,stage-124,124,3,,,missing
373,stage-125-1,東横INN桐生駅南口,美喜仁桐生文化会館 シルクホール,stage-125,125,1,,,missing
374,stage-125-2,エースホテル,美喜仁桐生文化会館 シルクホール,stage-125,125,2,,,missing
375,stage-125-3,パークイン桐生,美喜仁桐生文化会館 シルクホール,stage-125,125,3,,,missing
376,stage-126-1,JRイン札幌北2条,札幌文化芸術劇場 hitaru,stage-126,126,1,,,missing
377,stage-126-2,ザ ノット 札幌,札幌文化芸術劇場 hitaru,stage-126,126,2,,,missing
378,stage-126-3,札幌ビューホテル大通公園,札幌文化芸術劇場 hitaru,stage-126,126,3,,,missing
379,stage-127-1,JRイン札幌北2条,カナモトホール(札幌市民ホール),stage-127,127,1,,,missing
380,stage-127-2,ザ ノット 札幌,カナモトホール(札幌市民ホール),stage-127,127,2,,,missing
381,stage-127-3,札幌ビューホテル大通公園,カナモトホール(札幌市民ホール),stage-127,127,3,,,missing
382,stage-128-1,JRイン札幌北2条,札幌市教育文化会館 大ホール,stage-128,128,1,,,missing
383,stage-128-2,ザ ノット 札幌,札幌市教育文化会館 大ホール,stage-128,128,2,,,missing
384,stage-128-3,札幌ビューホテル大通公園,札幌市教育文化会館 大ホール,stage-128,128,3,,,missing
385,stage-129-1,JRイン札幌北2条,共済ホール,stage-129,129,1,,,missing
386,stage-129-2,ザ ノット 札幌,共済ホール,stage-129,129,2,,,missing
387,stage-129-3,札幌ビューホテル大通公園,共済ホール,stage-129,129,3,,,missing
388,stage-130-1,ベッセルイン札幌中島公園,Zepp Sapporo,stage-130,130,1,,,missing
389,stage-130-2,イビススタイルズ札幌,Zepp Sapporo,stage-130,130,2,,,missing
390,stage-130-3,ホテルマイステイズ札幌中島公園,Zepp Sapporo,stage-130,130,3,,,missing
391,stage-131-1,JRイン旭川,旭川市民文化会館 大ホール,stage-131,131,1,,,missing
392,stage-131-2,ホテルウィングインターナショナル旭川駅前,旭川市民文化会館 大ホール,stage-131,131,2,,,missing
393,stage-131-3,ワイズホテル旭川駅前,旭川市民文化会館 大ホール,stage-131,131,3,,,missing
394,stage-132-1,JRイン函館,函館市民会館 大ホール,stage-132,132,1,,,missing
395,stage-132-2,プレミアホテル-CABIN PRESIDENT-函館,函館市民会館 大ホール,stage-132,132,2,,,missing
396,stage-132-3,東横INN北海道函館駅前朝市,函館市民会館 大ホール,stage-132,132,3,,,missing
397,stage-133-1,JRイン帯広,帯広市民文化ホール 大ホール,stage-133,133,1,,,missing
398,stage-133-2,リッチモンドホテル帯広駅前,帯広市民文化ホール 大ホール,stage-133,133,2,,,missing
399,stage-133-3,ホテルグランテラス帯広,帯広市民文化ホール 大ホール,stage-133,133,3,,,missing
400,stage-134-1,ANAクラウンプラザホテル釧路,コーチャンフォー釧路文化ホール 大ホール,stage-134,134,1,,,missing
401,stage-134-2,コンフォートホテル釧路,コーチャンフォー釧路文化ホール 大ホール,stage-134,134,2,,,missing
402,stage-134-3,スーパーホテル釧路駅前,コーチャンフォー釧路文化ホール 大ホール,stage-134,134,3,,,missing
403,stage-135-1,ホテルJALシティ仙台,仙台サンプラザホール,stage-135,135,1,,,missing
404,stage-135-2,ダイワロイネットホテル仙台西口 PREMIER,仙台サンプラザホール,stage-135,135,2,,,missing
405,stage-135-3,コンフォートホテル仙台西口,仙台サンプラザホール,stage-135,135,3,,,missing
406,stage-136-1,ホテル定禅寺,東京エレクトロンホール宮城,stage-136,136,1,,,missing
407,stage-136-2,アパホテル〈仙台勾当台公園〉,東京エレクトロンホール宮城,stage-136,136,2,,,missing
408,stage-136-3,ホテルプレミアムグリーンソブリン,東京エレクトロンホール宮城,stage-136,136,3,,,missing
409,stage-137-1,仙台ロイヤルパークホテル,仙台銀行ホール イズミティ21 大ホール,stage-137,137,1,,,missing
410,stage-137-2,ホテルルートイン仙台泉インター,仙台銀行ホール イズミティ21 大ホール,stage-137,137,2,,,missing
411,stage-137-3,スマイルホテル仙台泉インター,仙台銀行ホール イズミティ21 大ホール,stage-137,137,3,,,missing
412,stage-138-1,ホテル定禅寺,電力ホール,stage-138,138,1,,,missing
413,stage-138-2,アパホテル〈仙台勾当台公園〉,電力ホール,stage-138,138,2,,,missing
414,stage-138-3,ホテルプレミアムグリーンソブリン,電力ホール,stage-138,138,3,,,missing
415,stage-139-1,ホテルグリーンシティ,日立システムズホール仙台 シアターホール,stage-139,139,1,,,missing
416,stage-139-2,アパホテル〈仙台勾当台公園〉,日立システムズホール仙台 シアターホール,stage-139,139,2,,,missing
417,stage-139-3,ホテル定禅寺,日立システムズホール仙台 シアターホール,stage-139,139,3,,,missing
418,stage-140-1,ダイワロイネットホテル郡山駅前,けんしん郡山文化センター 大ホール,stage-140,140,1,,,missing
419,stage-140-2,ホテルグローバルビュー郡山,けんしん郡山文化センター 大ホール,stage-140,140,2,,,missing
420,stage-140-3,コンフォートホテル郡山,けんしん郡山文化センター 大ホール,stage-140,140,3,,,missing
421,stage-141-1,ホテルルートインいわき駅前,いわき芸術文化交流館アリオス アルパイン大ホール,stage-141,141,1,,,missing
422,stage-141-2,東横INNいわき駅前,いわき芸術文化交流館アリオス アルパイン大ホール,stage-141,141,2,,,missing
423,stage-141-3,サンライズインいわき,いわき芸術文化交流館アリオス アルパイン大ホール,stage-141,141,3,,,missing
424,stage-142-1,リッチモンドホテル秋田駅前,あきた芸術劇場ミルハス 大ホール,stage-142,142,1,,,missing
425,stage-142-2,ホテルメトロポリタン秋田,あきた芸術劇場ミルハス 大ホール,stage-142,142,2,,,missing
426,stage-142-3,ANAクラウンプラザホテル秋田,あきた芸術劇場ミルハス 大ホール,stage-142,142,3,,,missing
427,stage-143-1,リッチモンドホテル盛岡駅前,盛岡市民文化ホール 大ホール,stage-143,143,1,,,missing
428,stage-143-2,ダイワロイネットホテル盛岡駅前,盛岡市民文化ホール 大ホール,stage-143,143,2,,,missing
429,stage-143-3,ホテルメトロポリタン盛岡 NEW WING,盛岡市民文化ホール 大ホール,stage-143,143,3,,,missing
430,stage-144-1,リッチモンドホテル盛岡駅前,トーサイクラシックホール岩手 大ホール,stage-144,144,1,,,missing
431,stage-144-2,ダイワロイネットホテル盛岡駅前,トーサイクラシックホール岩手 大ホール,stage-144,144,2,,,missing
432,stage-144-3,ホテルメトロポリタン盛岡 NEW WING,トーサイクラシックホール岩手 大ホール,stage-144,144,3,,,missing
433,stage-145-1,ダイワロイネットホテル青森,リンクステーションホール青森,stage-145,145,1,,,missing
434,stage-145-2,ホテルJALシティ青森,リンクステーションホール青森,stage-145,145,2,,,missing
435,stage-145-3,リッチモンドホテル青森,リンクステーションホール青森,stage-145,145,3,,,missing
436,stage-146-1,ダイワロイネットホテル山形駅前,やまぎん県民ホール 大ホール,stage-146,146,1,,,missing
437,stage-146-2,ホテルメトロポリタン山形,やまぎん県民ホール 大ホール,stage-146,146,2,,,missing
438,stage-146-3,コンフォートホテル山形,やまぎん県民ホール 大ホール,stage-146,146,3,,,missing
439,stage-147-1,ホテルフォルクローロ高畠,シェルターなんようホール 大ホール,stage-147,147,1,,,missing
440,stage-147-2,ホテルモントビュー米沢,シェルターなんようホール 大ホール,stage-147,147,2,,,missing
441,stage-147-3,東横INN米沢駅前,シェルターなんようホール 大ホール,stage-147,147,3,,,missing
442,stage-148-1,ホテル日航新潟,新潟県民会館 大ホール,stage-148,148,1,,,missing
443,stage-148-2,アパホテル&リゾート〈新潟駅前大通〉,新潟県民会館 大ホール,stage-148,148,2,,,missing
444,stage-148-3,JR東日本ホテルメッツ 新潟,新潟県民会館 大ホール,stage-148,148,3,,,missing
445,stage-149-1,ホテル日航新潟,りゅーとぴあ 新潟市民芸術文化会館 劇場,stage-149,149,1,,,missing
446,stage-149-2,アパホテル&リゾート〈新潟駅前大通〉,りゅーとぴあ 新潟市民芸術文化会館 劇場,stage-149,149,2,,,missing
447,stage-149-3,JR東日本ホテルメッツ 新潟,りゅーとぴあ 新潟市民芸術文化会館 劇場,stage-149,149,3,,,missing
448,stage-150-1,ホテル日航新潟,新潟テルサ,stage-150,150,1,,,missing
449,stage-150-2,アパホテル&リゾート〈新潟駅前大通〉,新潟テルサ,stage-150,150,2,,,missing
450,stage-150-3,JR東日本ホテルメッツ 新潟,新潟テルサ,stage-150,150,3,,,missing
451,stage-151-1,ホテルニューオータニ長岡,長岡市立劇場 大ホール,stage-151,151,1,,,missing
452,stage-151-2,JR東日本ホテルメッツ 長岡,長岡市立劇場 大ホール,stage-151,151,2,,,missing
453,stage-151-3,ホテル法華クラブ新潟長岡,長岡市立劇場 大ホール,stage-151,151,3,,,missing
454,stage-152-1,ダイワロイネットホテル富山駅前,オーバード・ホール 大ホール,stage-152,152,1,,,missing
455,stage-152-2,ホテルJALシティ富山,オーバード・ホール 大ホール,stage-152,152,2,,,missing
456,stage-152-3,富山エクセルホテル東急,オーバード・ホール 大ホール,stage-152,152,3,,,missing
457,stage-153-1,ダイワロイネットホテル富山駅前,オーバード・ホール 中ホール,stage-153,153,1,,,missing
458,stage-153-2,ホテルJALシティ富山,オーバード・ホール 中ホール,stage-153,153,2,,,missing
459,stage-153-3,富山エクセルホテル東急,オーバード・ホール 中ホール,stage-153,153,3,,,missing
460,stage-154-1,ダイワロイネットホテル富山駅前,富山県民会館 ホール,stage-154,154,1,,,missing
461,stage-154-2,ホテルJALシティ富山,富山県民会館 ホール,stage-154,154,2,,,missing
462,stage-154-3,富山エクセルホテル東急,富山県民会館 ホール,stage-154,154,3,,,missing
463,stage-155-1,ホテルフォルツァ金沢,本多の森 北電ホール,stage-155,155,1,,,missing
464,stage-155-2,三井ガーデンホテル金沢,本多の森 北電ホール,stage-155,155,2,,,missing
465,stage-155-3,東急ステイ金沢,本多の森 北電ホール,stage-155,155,3,,,missing
466,stage-156-1,ホテルフォルツァ金沢,金沢歌劇座,stage-156,156,1,,,missing
467,stage-156-2,三井ガーデンホテル金沢,金沢歌劇座,stage-156,156,2,,,missing
468,stage-156-3,東急ステイ金沢,金沢歌劇座,stage-156,156,3,,,missing
469,stage-157-1,ホテルフォルツァ金沢,北國新聞赤羽ホール,stage-157,157,1,,,missing
470,stage-157-2,三井ガーデンホテル金沢,北國新聞赤羽ホール,stage-157,157,2,,,missing
471,stage-157-3,東急ステイ金沢,北國新聞赤羽ホール,stage-157,157,3,,,missing
472,stage-158-1,コートヤード・バイ・マリオット福井,フェニックス・プラザ エルピス大ホール,stage-158,158,1,,,missing
473,stage-158-2,ホテルフジタ福井,フェニックス・プラザ エルピス大ホール,stage-158,158,2,,,missing
474,stage-158-3,ドーミーインPREMIUM福井,フェニックス・プラザ エルピス大ホール,stage-158,158,3,,,missing
475,stage-159-1,コートヤード・バイ・マリオット福井,福井県立音楽堂 ハーモニーホールふくい 大ホール,stage-159,159,1,,,missing
476,stage-159-2,ホテルフジタ福井,福井県立音楽堂 ハーモニーホールふくい 大ホール,stage-159,159,2,,,missing
477,stage-159-3,ドーミーインPREMIUM福井,福井県立音楽堂 ハーモニーホールふくい 大ホール,stage-159,159,3,,,missing
478,stage-160-1,天然温泉 勝運の湯 ドーミーイン甲府丸の内,YCC県民文化ホール 大ホール,stage-160,160,1,,,missing
479,stage-160-2,東横INN甲府駅南口2,YCC県民文化ホール 大ホール,stage-160,160,2,,,missing
480,stage-160-3,古名屋ホテル,YCC県民文化ホール 大ホール,stage-160,160,3,,,missing
481,stage-161-1,河口湖ホテル,河口湖ステラシアター,stage-161,161,1,,,missing
482,stage-161-2,東横INN富士河口湖大橋,河口湖ステラシアター,stage-161,161,2,,,missing
483,stage-161-3,ホテルルートイン河口湖,河口湖ステラシアター,stage-161,161,3,,,missing
484,stage-162-1,いろはグランホテル松本駅前,キッセイ文化ホール 大ホール,stage-162,162,1,,,missing
485,stage-162-2,リッチモンドホテル松本,キッセイ文化ホール 大ホール,stage-162,162,2,,,missing
486,stage-162-3,プレミアホテル-CABIN-松本,キッセイ文化ホール 大ホール,stage-162,162,3,,,missing
487,stage-163-1,いろはグランホテル松本駅前,まつもと市民芸術館 主ホール,stage-163,163,1,,,missing
488,stage-163-2,リッチモンドホテル松本,まつもと市民芸術館 主ホール,stage-163,163,2,,,missing
489,stage-163-3,プレミアホテル-CABIN-松本,まつもと市民芸術館 主ホール,stage-163,163,3,,,missing
490,stage-164-1,ホテルメトロポリタン長野,ホクト文化ホール 大ホール,stage-164,164,1,,,missing
491,stage-164-2,長野東急REIホテル,ホクト文化ホール 大ホール,stage-164,164,2,,,missing
492,stage-164-3,チサングランド長野,ホクト文化ホール 大ホール,stage-164,164,3,,,missing
493,stage-165-1,西鉄ホテル クルーム名古屋,愛知県芸術劇場 大ホール,stage-165,165,1,,,missing
494,stage-165-2,ベッセルイン栄駅前,愛知県芸術劇場 大ホール,stage-165,165,2,,,missing
495,stage-165-3,ホテルマイステイズ名古屋錦,愛知県芸術劇場 大ホール,stage-165,165,3,,,missing
496,stage-166-1,リッチモンドホテル名古屋納屋橋,御園座,stage-166,166,1,,,missing
497,stage-166-2,ホテルJALシティ名古屋 錦,御園座,stage-166,166,2,,,missing
498,stage-166-3,名古屋クラウンホテル,御園座,stage-166,166,3,,,missing
499,stage-167-1,西鉄ホテル クルーム名古屋,中日ホール,stage-167,167,1,,,missing
500,stage-167-2,ベッセルイン栄駅前,中日ホール,stage-167,167,2,,,missing
501,stage-167-3,ホテルマイステイズ名古屋錦,中日ホール,stage-167,167,3,,,missing
502,stage-168-1,名古屋笠寺ホテル,COMTEC PORTBASE,stage-168,168,1,,,missing
503,stage-168-2,コンフォートホテル名古屋金山,COMTEC PORTBASE,stage-168,168,2,,,missing
504,stage-168-3,名鉄イン名古屋金山,COMTEC PORTBASE,stage-168,168,3,,,missing
505,stage-169-1,ANAクラウンプラザホテルグランコート名古屋,Niterra日本特殊陶業市民会館 フォレストホール,stage-169,169,1,,,missing
506,stage-169-2,コンフォートホテル名古屋金山,Niterra日本特殊陶業市民会館 フォレストホール,stage-169,169,2,,,missing
507,stage-169-3,名鉄イン名古屋金山,Niterra日本特殊陶業市民会館 フォレストホール,stage-169,169,3,,,missing
508,stage-170-1,西鉄ホテル クルーム名古屋,岡谷鋼機名古屋公会堂 大ホール,stage-170,170,1,,,missing
509,stage-170-2,ベッセルイン栄駅前,岡谷鋼機名古屋公会堂 大ホール,stage-170,170,2,,,missing
510,stage-170-3,ホテルマイステイズ名古屋錦,岡谷鋼機名古屋公会堂 大ホール,stage-170,170,3,,,missing
511,stage-171-1,西鉄ホテル クルーム名古屋,名古屋市青少年文化センター アートピアホール,stage-171,171,1,,,missing
512,stage-171-2,ベッセルイン栄駅前,名古屋市青少年文化センター アートピアホール,stage-171,171,2,,,missing
513,stage-171-3,ホテルマイステイズ名古屋錦,名古屋市青少年文化センター アートピアホール,stage-171,171,3,,,missing
514,stage-172-1,ホテルメルパルク名古屋,メニコン シアターAoi,stage-172,172,1,,,missing
515,stage-172-2,ホテルルートイン名古屋今池駅前,メニコン シアターAoi,stage-172,172,2,,,missing
516,stage-172-3,ホテルルブラ王山,メニコン シアターAoi,stage-172,172,3,,,missing
517,stage-173-1,ホテルアソシア豊橋,穂の国とよはし芸術劇場PLAT 主ホール,stage-173,173,1,,,missing
518,stage-173-2,コンフォートホテル豊橋,穂の国とよはし芸術劇場PLAT 主ホール,stage-173,173,2,,,missing
519,stage-173-3,東横INN豊橋駅東口,穂の国とよはし芸術劇場PLAT 主ホール,stage-173,173,3,,,missing
520,stage-174-1,ホテルアソシア豊橋,アイプラザ豊橋 講堂,stage-174,174,1,,,missing
521,stage-174-2,コンフォートホテル豊橋,アイプラザ豊橋 講堂,stage-174,174,2,,,missing
522,stage-174-3,東横INN豊橋駅東口,アイプラザ豊橋 講堂,stage-174,174,3,,,missing
523,stage-175-1,名鉄イン刈谷,刈谷市総合文化センター アイリス 大ホール,stage-175,175,1,,,missing
524,stage-175-2,コンフォートホテル刈谷,刈谷市総合文化センター アイリス 大ホール,stage-175,175,2,,,missing
525,stage-175-3,アクセスイン刈谷,刈谷市総合文化センター アイリス 大ホール,stage-175,175,3,,,missing
526,stage-176-1,ザ・カトーホテル,東海市芸術劇場 大ホール,stage-176,176,1,,,missing
527,stage-176-2,ルートイングランティア東海 Spa & Relaxation,東海市芸術劇場 大ホール,stage-176,176,2,,,missing
528,stage-176-3,東海シティホテル,東海市芸術劇場 大ホール,stage-176,176,3,,,missing
529,stage-177-1,ダイワロイネットホテル名古屋太閤通口,Zepp Nagoya,stage-177,177,1,,,missing
530,stage-177-2,ヴィアイン名古屋新幹線口,Zepp Nagoya,stage-177,177,2,,,missing
531,stage-177-3,名鉄イン名古屋駅前,Zepp Nagoya,stage-177,177,3,,,missing
532,stage-178-1,ダイワロイネットホテル岐阜,長良川国際会議場 メインホール,stage-178,178,1,,,missing
533,stage-178-2,ホテルリソル岐阜,長良川国際会議場 メインホール,stage-178,178,2,,,missing
534,stage-178-3,ドーミーイン岐阜駅前,長良川国際会議場 メインホール,stage-178,178,3,,,missing
535,stage-179-1,ホテルルートイン多治見インター,バロー文化ホール 大ホール,stage-179,179,1,,,missing
536,stage-179-2,オースタット国際ホテル多治見,バロー文化ホール 大ホール,stage-179,179,2,,,missing
537,stage-179-3,ホテル多治見ヒルズ マイルーム店,バロー文化ホール 大ホール,stage-179,179,3,,,missing
538,stage-180-1,ホテルグリーンパーク津,三重県文化会館 大ホール,stage-180,180,1,,,missing
539,stage-180-2,ドーミーイン津,三重県文化会館 大ホール,stage-180,180,2,,,missing
540,stage-180-3,三交イン津駅前,三重県文化会館 大ホール,stage-180,180,3,,,missing
541,stage-181-1,都ホテル 四日市,四日市市文化会館 第1ホール,stage-181,181,1,,,missing
542,stage-181-2,三交イン四日市駅前,四日市市文化会館 第1ホール,stage-181,181,2,,,missing
543,stage-181-3,コンフォートホテル四日市,四日市市文化会館 第1ホール,stage-181,181,3,,,missing
544,stage-182-1,ホテルクエスト清水,静岡市清水文化会館マリナート 大ホール,stage-182,182,1,,,missing
545,stage-182-2,東横INN静岡清水駅前,静岡市清水文化会館マリナート 大ホール,stage-182,182,2,,,missing
546,stage-182-3,シーグランデ清水ステーションホテル,静岡市清水文化会館マリナート 大ホール,stage-182,182,3,,,missing
547,stage-183-1,オークラアクトシティホテル浜松,アクトシティ浜松 大ホール,stage-183,183,1,,,missing
548,stage-183-2,ダイワロイネットホテル浜松,アクトシティ浜松 大ホール,stage-183,183,2,,,missing
549,stage-183-3,コンフォートホテル浜松,アクトシティ浜松 大ホール,stage-183,183,3,,,missing
550,stage-184-1,富士山三島東急ホテル,三島市民文化会館 ゆうゆうホール 大ホール,stage-184,184,1,,,missing
551,stage-184-2,ドーミーイン三島,三島市民文化会館 ゆうゆうホール 大ホール,stage-184,184,2,,,missing
552,stage-184-3,東横INN富士山三島駅,三島市民文化会館 ゆうゆうホール 大ホール,stage-184,184,3,,,missing
553,stage-185-1,ダイワロイネットホテルぬまづ,沼津市民文化センター 大ホール,stage-185,185,1,,,missing
554,stage-185-2,ホテルミワ,沼津市民文化センター 大ホール,stage-185,185,2,,,missing
555,stage-185-3,ココチホテル沼津,沼津市民文化センター 大ホール,stage-185,185,3,,,missing
556,stage-186-1,ホテル西村,富士市文化会館ロゼシアター 大ホール,stage-186,186,1,,,missing
557,stage-186-2,くれたけイン富士山,富士市文化会館ロゼシアター 大ホール,stage-186,186,2,,,missing
558,stage-186-3,ホテルルートイン富士中央公園東,富士市文化会館ロゼシアター 大ホール,stage-186,186,3,,,missing
559,stage-187-1,ホテル阪急レスパイア大阪,梅田芸術劇場 メインホール,stage-187,187,1,,,missing
560,stage-187-2,ホテルインターゲート大阪 梅田,梅田芸術劇場 メインホール,stage-187,187,2,,,missing
561,stage-187-3,アパホテル&リゾート〈大阪梅田駅タワー〉,梅田芸術劇場 メインホール,stage-187,187,3,,,missing
562,stage-188-1,ホテル阪急レスパイア大阪,梅田芸術劇場 シアター・ドラマシティ,stage-188,188,1,,,missing
563,stage-188-2,ホテルインターゲート大阪 梅田,梅田芸術劇場 シアター・ドラマシティ,stage-188,188,2,,,missing
564,stage-188-3,アパホテル&リゾート〈大阪梅田駅タワー〉,梅田芸術劇場 シアター・ドラマシティ,stage-188,188,3,,,missing
565,stage-189-1,ホテル阪急レスパイア大阪,SkyシアターMBS,stage-189,189,1,,,missing
566,stage-189-2,ホテルインターゲート大阪 梅田,SkyシアターMBS,stage-189,189,2,,,missing
567,stage-189-3,アパホテル&リゾート〈大阪梅田駅タワー〉,SkyシアターMBS,stage-189,189,3,,,missing
568,stage-190-1,ホテル京阪 天満橋駅前,COOL JAPAN PARK OSAKA WWホール,stage-190,190,1,,,missing
569,stage-190-2,アパホテル〈大阪谷町四丁目駅前〉,COOL JAPAN PARK OSAKA WWホール,stage-190,190,2,,,missing
570,stage-190-3,ホテル・ザ・ルーテル,COOL JAPAN PARK OSAKA WWホール,stage-190,190,3,,,missing
571,stage-191-1,ホテル京阪 天満橋駅前,COOL JAPAN PARK OSAKA TTホール,stage-191,191,1,,,missing
572,stage-191-2,アパホテル〈大阪谷町四丁目駅前〉,COOL JAPAN PARK OSAKA TTホール,stage-191,191,2,,,missing
573,stage-191-3,ホテル・ザ・ルーテル,COOL JAPAN PARK OSAKA TTホール,stage-191,191,3,,,missing
574,stage-192-1,ホテル京阪 天満橋駅前,COOL JAPAN PARK OSAKA SSホール,stage-192,192,1,,,missing
575,stage-192-2,アパホテル〈大阪谷町四丁目駅前〉,COOL JAPAN PARK OSAKA SSホール,stage-192,192,2,,,missing
576,stage-192-3,ホテル・ザ・ルーテル,COOL JAPAN PARK OSAKA SSホール,stage-192,192,3,,,missing
577,stage-193-1,都シティ 大阪天王寺,新歌舞伎座,stage-193,193,1,,,missing
578,stage-193-2,ヴィアインあべの天王寺,新歌舞伎座,stage-193,193,2,,,missing
579,stage-193-3,アパホテル〈天王寺駅前〉,新歌舞伎座,stage-193,193,3,,,missing
580,stage-194-1,相鉄フレッサイン 大阪なんば駅前,大阪松竹座,stage-194,194,1,,,missing
581,stage-194-2,ホテルグレイスリー大阪なんば,大阪松竹座,stage-194,194,2,,,missing
582,stage-194-3,アパホテル〈なんば駅東〉,大阪松竹座,stage-194,194,3,,,missing
583,stage-195-1,ヴィアインプライム心斎橋四ツ橋,オリックス劇場,stage-195,195,1,,,missing
584,stage-195-2,ハートンホテル心斎橋,オリックス劇場,stage-195,195,2,,,missing
585,stage-195-3,ホテルマイステイズ心斎橋,オリックス劇場,stage-195,195,3,,,missing
586,stage-196-1,ホテル阪急レスパイア大阪,サンケイホールブリーゼ,stage-196,196,1,,,missing
587,stage-196-2,ホテルインターゲート大阪 梅田,サンケイホールブリーゼ,stage-196,196,2,,,missing
588,stage-196-3,アパホテル&リゾート〈大阪梅田駅タワー〉,サンケイホールブリーゼ,stage-196,196,3,,,missing
589,stage-197-1,都シティ 大阪天王寺,近鉄アート館,stage-197,197,1,,,missing
590,stage-197-2,ヴィアインあべの天王寺,近鉄アート館,stage-197,197,2,,,missing
591,stage-197-3,アパホテル〈天王寺駅前〉,近鉄アート館,stage-197,197,3,,,missing
592,stage-198-1,ホテル京阪 天満橋駅前,森ノ宮ピロティホール,stage-198,198,1,,,missing
593,stage-198-2,アパホテル〈大阪谷町四丁目駅前〉,森ノ宮ピロティホール,stage-198,198,2,,,missing
594,stage-198-3,ホテル・ザ・ルーテル,森ノ宮ピロティホール,stage-198,198,3,,,missing
595,stage-199-1,ホテル京阪 天満橋駅前,NHK大阪ホール,stage-199,199,1,,,missing
596,stage-199-2,アパホテル〈大阪谷町四丁目駅前〉,NHK大阪ホール,stage-199,199,2,,,missing
597,stage-199-3,ホテル・ザ・ルーテル,NHK大阪ホール,stage-199,199,3,,,missing
598,stage-200-1,ホテル京阪 天満橋駅前,松下IMPホール,stage-200,200,1,,,missing
599,stage-200-2,アパホテル〈大阪谷町四丁目駅前〉,松下IMPホール,stage-200,200,2,,,missing
600,stage-200-3,ホテル・ザ・ルーテル,松下IMPホール,stage-200,200,3,,,missing
601,stage-201-1,ホテル阪急レスパイア大阪,HEP HALL,stage-201,201,1,,,missing
602,stage-201-2,ホテルインターゲート大阪 梅田,HEP HALL,stage-201,201,2,,,missing
603,stage-201-3,アパホテル&リゾート〈大阪梅田駅タワー〉,HEP HALL,stage-201,201,3,,,missing
604,stage-202-1,相鉄フレッサイン 大阪なんば駅前,YES THEATER,stage-202,202,1,,,missing
605,stage-202-2,ホテルグレイスリー大阪なんば,YES THEATER,stage-202,202,2,,,missing
606,stage-202-3,アパホテル〈なんば駅東〉,YES THEATER,stage-202,202,3,,,missing
607,stage-203-1,ホテル アゴーラ リージェンシー 大阪堺,堺市民芸術文化ホール フェニーチェ堺 大ホール,stage-203,203,1,,,missing
608,stage-203-2,ダイワロイネットホテル大阪堺東,堺市民芸術文化ホール フェニーチェ堺 大ホール,stage-203,203,2,,,missing
609,stage-203-3,コンフォートホテル堺,堺市民芸術文化ホール フェニーチェ堺 大ホール,stage-203,203,3,,,missing
610,stage-204-1,ホテルアベストグランデ高槻,高槻城公園芸術文化劇場 南館 トリシマホール,stage-204,204,1,,,missing
611,stage-204-2,高槻W&Mホテル,高槻城公園芸術文化劇場 南館 トリシマホール,stage-204,204,2,,,missing
612,stage-204-3,ワークホテルアネックス天神の湯,高槻城公園芸術文化劇場 南館 トリシマホール,stage-204,204,3,,,missing
613,stage-205-1,大江戸温泉物語 箕面観光ホテル,東京建物 Brillia HALL 箕面 大ホール,stage-205,205,1,,,missing
614,stage-205-2,新大阪江坂東急REIホテル,東京建物 Brillia HALL 箕面 大ホール,stage-205,205,2,,,missing
615,stage-205-3,サニーストンホテル,東京建物 Brillia HALL 箕面 大ホール,stage-205,205,3,,,missing
616,stage-206-1,リッチモンドホテル東大阪,東大阪市文化創造館 Dream House 大ホール,stage-206,206,1,,,missing
617,stage-206-2,ホテルウィングインターナショナルセレクト東大阪,東大阪市文化創造館 Dream House 大ホール,stage-206,206,2,,,missing
618,stage-206-3,U・コミュニティホテル,東大阪市文化創造館 Dream House 大ホール,stage-206,206,3,,,missing
619,stage-207-1,ホテルA.P,豊中市立文化芸術センター 大ホール,stage-207,207,1,,,missing
620,stage-207-2,東横INN大阪伊丹空港,豊中市立文化芸術センター 大ホール,stage-207,207,2,,,missing
621,stage-207-3,グリーンリッチホテル大阪空港前,豊中市立文化芸術センター 大ホール,stage-207,207,3,,,missing
622,stage-208-1,ラ・ジェント・ホテル大阪ベイ,Zepp Osaka Bayside,stage-208,208,1,,,missing
623,stage-208-2,ザ シンギュラリ ホテル&スカイスパ アット ユニバーサル・スタジオ・ジャパン,Zepp Osaka Bayside,stage-208,208,2,,,missing
624,stage-208-3,ホテル京阪 ユニバーサル・タワー,Zepp Osaka Bayside,stage-208,208,3,,,missing
625,stage-209-1,ANAクラウンプラザホテル神戸,AiiA 2.5 Theater Kobe,stage-209,209,1,,,missing
626,stage-209-2,ホテルピエナ神戸,AiiA 2.5 Theater Kobe,stage-209,209,2,,,missing
627,stage-209-3,神戸北野ホテル,AiiA 2.5 Theater Kobe,stage-209,209,3,,,missing
628,stage-210-1,神戸ルミナスホテル三宮,神戸国際会館こくさいホール,stage-210,210,1,,,missing
629,stage-210-2,ダイワロイネットホテル神戸三宮 PREMIER,神戸国際会館こくさいホール,stage-210,210,2,,,missing
630,stage-210-3,コンフォートホテルERA神戸三宮,神戸国際会館こくさいホール,stage-210,210,3,,,missing
631,stage-211-1,ホテルヒューイット甲子園,兵庫県立芸術文化センター 阪急 中ホール,stage-211,211,1,,,missing
632,stage-211-2,ホテル甲子園,兵庫県立芸術文化センター 阪急 中ホール,stage-211,211,2,,,missing
633,stage-211-3,都ホテル 尼崎,兵庫県立芸術文化センター 阪急 中ホール,stage-211,211,3,,,missing
634,stage-212-1,神戸ホテルジュラク,神戸文化ホール 大ホール,stage-212,212,1,,,missing
635,stage-212-2,センチュリオンホテル グランド神戸駅前,神戸文化ホール 大ホール,stage-212,212,2,,,missing
636,stage-212-3,神戸シティガーデンズホテル,神戸文化ホール 大ホール,stage-212,212,3,,,missing
637,stage-213-1,神戸ルミナスホテル三宮,神戸朝日ホール,stage-213,213,1,,,missing
638,stage-213-2,ダイワロイネットホテル神戸三宮 PREMIER,神戸朝日ホール,stage-213,213,2,,,missing
639,stage-213-3,コンフォートホテルERA神戸三宮,神戸朝日ホール,stage-213,213,3,,,missing
640,stage-214-1,ホテルモントレ姫路,アクリエひめじ 大ホール,stage-214,214,1,,,missing
641,stage-214-2,ダイワロイネットホテル姫路,アクリエひめじ 大ホール,stage-214,214,2,,,missing
642,stage-214-3,リッチモンドホテル姫路,アクリエひめじ 大ホール,stage-214,214,3,,,missing
643,stage-215-1,都ホテル 尼崎,あましんアルカイックホール,stage-215,215,1,,,missing
644,stage-215-2,ホテルヴィスキオ尼崎,あましんアルカイックホール,stage-215,215,2,,,missing
645,stage-215-3,尼崎プラザホテル 阪神尼崎,あましんアルカイックホール,stage-215,215,3,,,missing
646,stage-216-1,ホテルウィングインターナショナルプレミアム京都三条,ロームシアター京都 メインホール,stage-216,216,1,,,missing
647,stage-216-2,ホテルマテリアル,ロームシアター京都 メインホール,stage-216,216,2,,,missing
648,stage-216-3,ウェスティン都ホテル京都,ロームシアター京都 メインホール,stage-216,216,3,,,missing
649,stage-217-1,ホテルウィングインターナショナルプレミアム京都三条,ロームシアター京都 サウスホール,stage-217,217,1,,,missing
650,stage-217-2,ホテルマテリアル,ロームシアター京都 サウスホール,stage-217,217,2,,,missing
651,stage-217-3,ウェスティン都ホテル京都,ロームシアター京都 サウスホール,stage-217,217,3,,,missing
652,stage-218-1,都ホテル 京都八条,京都劇場,stage-218,218,1,,,missing
653,stage-218-2,ダイワロイネットホテル京都テラス八条 PREMIER,京都劇場,stage-218,218,2,,,missing
654,stage-218-3,ヴィアインプライム京都駅八条口,京都劇場,stage-218,218,3,,,missing
655,stage-219-1,ホテルミュッセ京都四条河原町名鉄,南座,stage-219,219,1,,,missing
656,stage-219-2,京都セントラルイン,南座,stage-219,219,2,,,missing
657,stage-219-3,ホテルフォルツァ京都四条河原町,南座,stage-219,219,3,,,missing
658,stage-220-1,ホテル日航奈良,なら100年会館 大ホール,stage-220,220,1,,,missing
659,stage-220-2,ダイワロイネットホテル奈良,なら100年会館 大ホール,stage-220,220,2,,,missing
660,stage-220-3,天然温泉 吉野桜の湯 御宿 野乃 奈良,なら100年会館 大ホール,stage-220,220,3,,,missing
661,stage-221-1,びわ湖ホテル,滋賀県立芸術劇場 びわ湖ホール 大ホール,stage-221,221,1,,,missing
662,stage-221-2,HOTEL 講 大津百町,滋賀県立芸術劇場 びわ湖ホール 大ホール,stage-221,221,2,,,missing
663,stage-221-3,東横INN京都琵琶湖大津,滋賀県立芸術劇場 びわ湖ホール 大ホール,stage-221,221,3,,,missing
664,stage-222-1,ダイワロイネットホテル和歌山,和歌山県民文化会館 大ホール,stage-222,222,1,,,missing
665,stage-222-2,天然温泉 紀州の湯 ドーミーインPREMIUM和歌山,和歌山県民文化会館 大ホール,stage-222,222,2,,,missing
666,stage-222-3,コンフォートホテル和歌山,和歌山県民文化会館 大ホール,stage-222,222,3,,,missing
667,stage-223-1,三井ガーデンホテル岡山,岡山芸術創造劇場 ハレノワ 大劇場,stage-223,223,1,,,missing
668,stage-223-2,ダイワロイネットホテル岡山駅前,岡山芸術創造劇場 ハレノワ 大劇場,stage-223,223,2,,,missing
669,stage-223-3,ホテルグランヴィア岡山,岡山芸術創造劇場 ハレノワ 大劇場,stage-223,223,3,,,missing
670,stage-224-1,倉敷アイビースクエア,倉敷市民会館,stage-224,224,1,,,missing
671,stage-224-2,ロイヤルパークホテル倉敷,倉敷市民会館,stage-224,224,2,,,missing
672,stage-224-3,センチュリオンホテル&スパ倉敷,倉敷市民会館,stage-224,224,3,,,missing
673,stage-225-1,三井ガーデンホテル広島,広島文化学園HBGホール,stage-225,225,1,,,missing
674,stage-225-2,ダイワロイネットホテル広島,広島文化学園HBGホール,stage-225,225,2,,,missing
675,stage-225-3,ホテルインターゲート広島,広島文化学園HBGホール,stage-225,225,3,,,missing
676,stage-226-1,ホテルスイート広島 白島,上野学園ホール,stage-226,226,1,,,missing
677,stage-226-2,ヴィアインプライム広島新幹線口,上野学園ホール,stage-226,226,2,,,missing
678,stage-226-3,ダイワロイネットホテル広島駅前,上野学園ホール,stage-226,226,3,,,missing
679,stage-227-1,三井ガーデンホテル広島,JMSアステールプラザ 大ホール,stage-227,227,1,,,missing
680,stage-227-2,ダイワロイネットホテル広島,JMSアステールプラザ 大ホール,stage-227,227,2,,,missing
681,stage-227-3,ホテルインターゲート広島,JMSアステールプラザ 大ホール,stage-227,227,3,,,missing
682,stage-228-1,呉阪急ホテル,呉信用金庫ホール,stage-228,228,1,,,missing
683,stage-228-2,コンフォートホテル呉,呉信用金庫ホール,stage-228,228,2,,,missing
684,stage-228-3,クレイトンベイホテル,呉信用金庫ホール,stage-228,228,3,,,missing
685,stage-229-1,福山ニューキャッスルホテル,ふくやま芸術文化ホール リーデンローズ 大ホール,stage-229,229,1,,,missing
686,stage-229-2,ダイワロイネットホテル福山駅前,ふくやま芸術文化ホール リーデンローズ 大ホール,stage-229,229,2,,,missing
687,stage-229-3,リッチモンドホテル福山駅前,ふくやま芸術文化ホール リーデンローズ 大ホール,stage-229,229,3,,,missing
688,stage-230-1,コンフォートホテル新山口,KDDI維新ホール メインホール,stage-230,230,1,,,missing
689,stage-230-2,東横INN新山口駅新幹線口,KDDI維新ホール メインホール,stage-230,230,2,,,missing
690,stage-230-3,ホテルアクティブ!山口,KDDI維新ホール メインホール,stage-230,230,3,,,missing
691,stage-231-1,松江エクセルホテル東急,島根県民会館 大ホール,stage-231,231,1,,,missing
692,stage-231-2,ドーミーインEXPRESS松江,島根県民会館 大ホール,stage-231,231,2,,,missing
693,stage-231-3,ホテルルートイン松江,島根県民会館 大ホール,stage-231,231,3,,,missing
694,stage-232-1,ANAクラウンプラザホテル米子,米子コンベンションセンター BiG SHiP 多目的ホール,stage-232,232,1,,,missing
695,stage-232-2,グリーンリッチホテル米子駅前,米子コンベンションセンター BiG SHiP 多目的ホール,stage-232,232,2,,,missing
696,stage-232-3,東横INN米子駅前,米子コンベンションセンター BiG SHiP 多目的ホール,stage-232,232,3,,,missing
697,stage-233-1,JRホテルクレメント高松,レクザムホール 大ホール,stage-233,233,1,,,missing
698,stage-233-2,ダイワロイネットホテル高松,レクザムホール 大ホール,stage-233,233,2,,,missing
699,stage-233-3,コンフォートホテル高松,レクザムホール 大ホール,stage-233,233,3,,,missing
700,stage-234-1,JRホテルクレメント徳島,あわぎんホール,stage-234,234,1,,,missing
701,stage-234-2,ダイワロイネットホテル徳島駅前,あわぎんホール,stage-234,234,2,,,missing
702,stage-234-3,スマイルホテル徳島,あわぎんホール,stage-234,234,3,,,missing
703,stage-235-1,ANAクラウンプラザホテル松山,愛媛県県民文化会館 メインホール,stage-235,235,1,,,missing
704,stage-235-2,ダイワロイネットホテル松山,愛媛県県民文化会館 メインホール,stage-235,235,2,,,missing
705,stage-235-3,コンフォートホテル松山,愛媛県県民文化会館 メインホール,stage-235,235,3,,,missing
706,stage-236-1,ザ クラウンパレス新阪急高知,高知県立県民文化ホール オレンジホール,stage-236,236,1,,,missing
707,stage-236-2,ドーミーイン高知,高知県立県民文化ホール オレンジホール,stage-236,236,2,,,missing
708,stage-236-3,コンフォートホテル高知,高知県立県民文化ホール オレンジホール,stage-236,236,3,,,missing
709,stage-237-1,三井ガーデンホテル福岡祇園,博多座,stage-237,237,1,,,missing
710,stage-237-2,西鉄ホテル クルーム博多祇園 櫛田神社前,博多座,stage-237,237,2,,,missing
711,stage-237-3,ホテルリソルトリニティ博多,博多座,stage-237,237,3,,,missing
712,stage-238-1,三井ガーデンホテル福岡祇園,キャナルシティ劇場,stage-238,238,1,,,missing
713,stage-238-2,西鉄ホテル クルーム博多祇園 櫛田神社前,キャナルシティ劇場,stage-238,238,2,,,missing
714,stage-238-3,ホテルリソルトリニティ博多,キャナルシティ劇場,stage-238,238,3,,,missing
715,stage-239-1,ホテル博多プレイス,福岡市民ホール 大ホール,stage-239,239,1,,,missing
716,stage-239-2,ザ・ワンファイブマリン福岡,福岡市民ホール 大ホール,stage-239,239,2,,,missing
717,stage-239-3,ホテルニューガイア上呉服,福岡市民ホール 大ホール,stage-239,239,3,,,missing
718,stage-240-1,ホテル博多プレイス,福岡サンパレス ホテル&ホール コンサートホール,stage-240,240,1,,,missing
719,stage-240-2,ザ・ワンファイブマリン福岡,福岡サンパレス ホテル&ホール コンサートホール,stage-240,240,2,,,missing
720,stage-240-3,ホテルニューガイア上呉服,福岡サンパレス ホテル&ホール コンサートホール,stage-240,240,3,,,missing
721,stage-241-1,JR九州ステーションホテル小倉,北九州メッセ,stage-241,241,1,,,missing
722,stage-241-2,ダイワロイネットホテル小倉駅前,北九州メッセ,stage-241,241,2,,,missing
723,stage-241-3,クインテッサホテル小倉 Comic & Books,北九州メッセ,stage-241,241,3,,,missing
724,stage-242-1,JR九州ステーションホテル小倉,J:COM北九州芸術劇場 大ホール,stage-242,242,1,,,missing
725,stage-242-2,ダイワロイネットホテル小倉駅前,J:COM北九州芸術劇場 大ホール,stage-242,242,2,,,missing
726,stage-242-3,クインテッサホテル小倉 Comic & Books,J:COM北九州芸術劇場 大ホール,stage-242,242,3,,,missing
727,stage-243-1,ザ・セレクトン久留米,久留米シティプラザ ザ・グランドホール,stage-243,243,1,,,missing
728,stage-243-2,グリーンリッチホテル久留米,久留米シティプラザ ザ・グランドホール,stage-243,243,2,,,missing
729,stage-243-3,久留米ワシントンホテルプラザ,久留米シティプラザ ザ・グランドホール,stage-243,243,3,,,missing
730,stage-244-1,KOKO HOTEL Premier 熊本,熊本城ホール メインホール,stage-244,244,1,,,missing
731,stage-244-2,ダイワロイネットホテル熊本銀座通り PREMIER,熊本城ホール メインホール,stage-244,244,2,,,missing
732,stage-244-3,三井ガーデンホテル熊本,熊本城ホール メインホール,stage-244,244,3,,,missing
733,stage-245-1,KOKO HOTEL Premier 熊本,熊本県立劇場 演劇ホール,stage-245,245,1,,,missing
734,stage-245-2,ダイワロイネットホテル熊本銀座通り PREMIER,熊本県立劇場 演劇ホール,stage-245,245,2,,,missing
735,stage-245-3,三井ガーデンホテル熊本,熊本県立劇場 演劇ホール,stage-245,245,3,,,missing
736,stage-246-1,JR九州ホテル ブラッサム大分,iichikoグランシアタ,stage-246,246,1,,,missing
737,stage-246-2,ダイワロイネットホテル大分,iichikoグランシアタ,stage-246,246,2,,,missing
738,stage-246-3,ホテル日航大分 オアシスタワー,iichikoグランシアタ,stage-246,246,3,,,missing
739,stage-247-1,JR九州ホテル長崎,ベネックス長崎ブリックホール 大ホール,stage-247,247,1,,,missing
740,stage-247-2,ホテルフォルツァ長崎,ベネックス長崎ブリックホール 大ホール,stage-247,247,2,,,missing
741,stage-247-3,ドーミーインPREMIUM長崎駅前,ベネックス長崎ブリックホール 大ホール,stage-247,247,3,,,missing
742,stage-248-1,JR九州ホテル宮崎,メディキット県民文化センター 演劇ホール,stage-248,248,1,,,missing
743,stage-248-2,コンフォートホテル宮崎,メディキット県民文化センター 演劇ホール,stage-248,248,2,,,missing
744,stage-248-3,ドーミーイン宮崎,メディキット県民文化センター 演劇ホール,stage-248,248,3,,,missing
745,stage-249-1,JR九州ホテル鹿児島,川商ホール 第1ホール,stage-249,249,1,,,missing
746,stage-249-2,ソラリア西鉄ホテル鹿児島,川商ホール 第1ホール,stage-249,249,2,,,missing
747,stage-249-3,ダイワロイネットホテル鹿児島天文館 PREMIER,川商ホール 第1ホール,stage-249,249,3,,,missing
748,stage-250-1,ホテル コレクティブ,那覇文化芸術劇場なはーと 大劇場,stage-250,250,1,,,missing
749,stage-250-2,ダイワロイネットホテル那覇国際通り,那覇文化芸術劇場なはーと 大劇場,stage-250,250,2,,,missing
750,stage-250-3,ホテルグレイスリー那覇,那覇文化芸術劇場なはーと 大劇場,stage-250,250,3,,,missing
